Candidate_Term,Frequency
Traditional Chinese Medicine,34
Traditional Chinese,27
Kyoto Encyclopedia,17
Hamilton Depression Scale,14
Cochrane Library,14
Gene Ontology,13
Radix Bupleuri,13
China National Knowledge Infrastructure,12
Chai Hu Shu Gan,10
systematic review and meta-analysis,10
Chinese Herbal Medicine,8
Chaihu Anxin Capsule,8
systematic review and meta-analysis of,7
Systematic Reviews,7
Google Scholar,7
Modified Xiaoyao San,7
rat model,6
mouse model was established,6
Jiawei Dachaihu,6
Shan Zha,6
anxiety and depression,6
Hamilton Depression Rating Scale,5
Wanfang Data,5
Shu Gan,5
Rou Gan,5
anxiety and depression in,5
mouse model,5
mouse model was used,5
mouse model of depression,5
rat model of depression,5
systematic review and network meta-analysis,5
Longya Lilium,5
BDNF signaling pathway,4
BDNF expression,4
rat model was established,4
mTOR pathway,4
mTOR signaling pathway,4
BDNF mRNA,4
HTR2A and HTR,4
Chinese Biomedical Literature Database,4
Edinburgh Postnatal Depression Scale,4
Tiaoqi Jieyu,4
Shao Yao,4
Gui Zhi,4
Tiaoren Tongdu,4
Jingyue Quanshu,4
Shugan San,4
Chronic Unpredictable Mild Stress,4
Review Manager,4
JNK pathway,3
Baihe Zhimu,3
Ganmai Dazao Decoction,3
Herb Pair,3
Network Meta,3
Muli Decoction,3
Signaling Pathway,3
Xiaoyao Powder,3
Xingnao Jieyu Decoction,3
Bias Tool,3
Controlled Trials,3
Cochrane Central Register,3
Chaihu Shugan,3
Hamilton Rating Scale,3
Cochrane Risk,3
Wanfang Database,3
Preferred Reporting Items,3
Treating Depression,3
Rating Depression Scale,3
anxiety and depression via,3
cAMP signaling pathway,3
Yueju Wan volatile oil could,3
rat model of chronic,3
anxiety scale,3
berberine and ginsenoside Rb,3
Wuling Capsules prepared with the,3
Systematic Review and Meta-Analysis,3
rat models of depression,3
TLR4 and NF-,3
BDNF signaling,3
mice were exposed to,3
BDNF transcription in the,3
elevated plus maze test,3
JNK in the hippocampus,3
Febrile Diseases,2
Yueju Wan volatile oil in,2
randomized controlled trial included,2
metabolomics and,2
mice with chronic unpredictable,2
rat plasma,2
mouse model subjected to,2
BDNF signaling axis,2
metabolomics and network pharmacology,2
Mice were subjected to,2
mice model of depression,2
Meta-analysis was performed using,2
Chaihu Shugan San exerts antidepressant effects,2
mice model,2
BDNF protein expressions in,2
JNK signaling pathway,2
cAMP response element-binding protein,2
mouse model of chronic,2
meta-analysis will be performed,2
IL-1β and IL-,2
anxiety and depression-like behaviors,2
Randomized Controlled Trials,2
BDNF pathway,2
Wan Fang,2
metabolomics based on ultra-high-performance,2
metabolomics analysis,2
mice exposed to chronic,2
mice and increased the,2
SLC6A3 and OPRM,2
mice by modulating the,2
BDNF expression through the,2
metabolomics technology,2
postpartum depression rats,2
postpartum depression treated with acupuncture,2
systematic review of,2
zebrafish model,2
Yueju Wan volatile oil,2
BDNF levels,2
qi deficiency in Balb,2
anxiety and insomnia,2
Chinese Science,2
Chinese National Knowledge Infrastructure,2
Inulae Flos,2
Chaihu Longgu Muli Decoction,2
Forced Swimming Test,2
Chinese Materia Medica,2
The Role,2
China National Knowledge Internet,2
Danzhi Xiaoyao,2
Ming Dynasty,2
Like Activity,2
Chaihu Jia Longgu Muli,2
Rhizoma Cyperi,2
Traditional Chinese Medicine Systems,2
Antidepressant Effects,2
Like Effects,2
Western Blot,2
Jiawei Xiaoyao,2
Like Behaviors,2
Chaihu Shugan Powder,2
Xiaoyao Pill,2
China Knowledge Infrastructure,2
Research Gate,2
In China,2
Bupleurum Chinense,2
Chaihu Guizhi,2
Adolescent Depression Disorder,2
BDNF and TrkB in,2
Like Behavior,2
Depression Mechanism,2
Radix Paeoniae Alba,2
Surface Under,2
Herbal Medicine,2
Cumulative Ranking,2
Beck Depression Inventory,2
Depression Rating Scale,2
From Molecules,2
An Overview,2
Multiple Systematic Reviews,2
Recommendations Assessment,2
rat models,2
mice were subjected to,2
Integrated Chinese,2
NLRP3 inflammasome activation,2
Based Analysis,2
Tryptophan Metabolism Pathway,2
Atherosclerosis Pathway,2
Antidepressant Mechanism,2
Cochrane Collaboration,2
Jiawei Suanzaoren,2
Based Study,2
Edinburgh Postpartum Depression Scale,2
Technology Periodical Database,2
Clinical Trial Registry,2
Epimedii Folium,2
systematic review and meta-analysis aimed,2
Five Elements Musical Therapy,1
Depression Syndrome,1
Clinical Systematic Review,1
Treating Anxiety,1
Antidepressant Action,1
Key Player,1
Greene Climacteric Scale,1
Five Elements Emotional Therapy,1
Traditional Chinese Medicine Strategy,1
Famous Formulation,1
Treating Major Depressive Disorder,1
National Institutes,1
Assess Systematic Reviews,1
Kuppermans Index,1
For Hamilton Rating Scale,1
Nine English,1
Zung Self,1
Chinese Clinical Trial Registry,1
Health Stroke Scale,1
Barthel Daily Living Index,1
The Egger,1
The Review Manager,1
My Structured Query Language,1
Hong Kong,1
Depressive Disorders,1
Traditional Chinese Medicine Explanatory,1
Jieyu Pills,1
Classical Traditional Chinese Medicine,1
Research Progress,1
Prognostic Studies,1
By November,1
Reduce Major Depressive Disorder,1
With Antidepressants,1
Different Acupuncture Modalities Combined,1
Korean Clinical Trial Registry,1
Shandong University,1
Registered August,1
Immune Network,1
Affiliated Hospital,1
Second Edition,1
Mini Review,1
Depression Treatment,1
Histone Modification,1
Chinese Medicinal Formulae,1
Shenguiren Mixture,1
The Shenguiren Mixture,1
The World Health Organization,1
Brief Pain Inventory,1
Stroop Color,1
The Preferred Reporting Items,1
International Prospective Register,1
Hamilton Depression Rating,1
Usual Care,1
Revised Cochrane Risk,1
Clinical Effectiveness,1
Potential Mechanisms,1
Thammasat University Hospital,1
Word Test,1
The Cochrane,1
Yu Zheng,1
Intestinal Microenvironment,1
Field Test,1
Sucrose Preference Test,1
Depression Model Mice,1
Neuroendocrine Biomarkers,1
Poststroke Depression,1
Jiuwei Zhenxin,1
Zhenxin Granules,1
Inflammatory Effect,1
Traditional Chinese Medicine Jiuwei,1
Governor Vessel,1
Based Literature Study,1
Data Mining,1
Novel Therapeutic Pathway,1
Gut Microbiota,1
Body Interface,1
Hippocampal Neurons,1
Jun amino-terminal kinase,1
locomotor activity in the open-field,1
IL-1β in this animal,1
JNK signal transduction in,1
Yueju Wan has the function,1
Yueju Wan and heterogeneous network,1
mTOR pathway related proteins,1
Yueju Wan for depression and,1
Yueju Wan based on TCMIP,1
mice into untreated or,1
mice restored serum levels,1
mice had decreased expression,1
mTOR pathway in mice,1
Modified Danzhi Xiaoyao San,1
mice and LPS-stimulated N,1
BDNF and significantly decrease,1
Yueju Wan volatile oil can,1
rat unpredictable chronic mild,1
mice by inhibiting the,1
locomotor activity and increase in,1
food intake etc,1
BDNF were significantly down-regulated,1
BDNF gene was up-regulated,1
Yueju Wan for,1
anxiety and depression by,1
mice into RS-exposed mice,1
elevated plus maze tasks,1
Pharmacokinetic Study after a Single,1
Chaihu Shugan San alleviates depression-like behavior,1
mice fed a high-fat,1
mTOR pathway in vivo,1
mice were fed an,1
mice with or without,1
GSK3β level in the,1
quercetin and luteolin,1
Yueju Wan volatile oil were,1
Yueju Wan volatile oil was,1
Yueju Wan volatile oil on,1
mice were evaluated by,1
mice may be related,1
mice with MXYS significantly,1
randomized controlled trial studies,1
Yueju Wan and explore its,1
mice METHODS,1
Anxiety and depression was,1
mice by exposure to,1
BDNF and CREB were,1
rat hippocampus tissue,1
HPA axis and the modulation,1
Chaihu Shugan San and Fluoxetine,1
perimenopausal depression around the world,1
BDNF in the hippocampus,1
metabolomics to explore the,1
Chaihu Shugan San against post-stroke depression,1
metabolomics on the hippocampus,1
pharmacokinetic study of these nine,1
Multi-omics analyses integrating network,1
Chaihu Shugan San on the expression,1
metabolomics and serum pharmacochemistry,1
HPA axis function of model,1
Chaihu Shugan San and Fluoxetine on,1
HPA axis and gastrointestinal peptide,1
mice via anti-inflammatory and,1
mice by regulating NF-,1
mice and neuroinflammation in,1
BDNF signaling pathways were,1
patient adherence and quality,1
mice by enhancing neurogenesis,1
metabolomics results indicated that,1
rat model was used,1
pharmacokinetic study was achieved using,1
anxiety model using electroencephalogram,1
Chaihu Shugan San and its components,1
mice in a chronic,1
metabolomics and enzyme activity,1
mouse by enzyme-linked immunoassay,1
mice and increase their,1
NLRP3 inflammasome activation to reduce,1
Saikosaponin B2 ameliorates depression-induced microglia,1
mice and relieved central,1
rat model of colorectal,1
IL-1β and TNF-,1
Meta-Analysis and Network Pharmacology,1
rat hippocampus of depression-related,1
rat plasma of tryptophan,1
Chaihu Shugan San in the Chaihu,1
Chaihu Shugan San group,1
zebrafish depression model,1
zebrafish locomotion,1
Chaihu Shugan San Exerts Antidepressant Effects,1
rat plasma and the,1
liver depression and spleen deficiency was presumedly achieved,1
Internal Medicine Summary,1
Review Centre,1
Canonical Chinese,1
Affiliated Traditional Chinese Medicine,1
Bayesian Systematic Review,1
Inadequate Evidence,1
The Grades,1
Methodological Quality,1
The Assessing,1
Guide Decision,1
Acupuncture Used,1
Hamilton Depression,1
World Health Organization,1
Therapeutic Mechanism,1
Clinical Efficacy,1
China National Knowledge,1
Comprehensive Meta,1
Cochrane Controlled Trials Register,1
The Hamilton Depression Scale,1
Female Sprague,1
Governor Meridian,1
The Si,1
The Cochrane Risk,1
Life Questionnaire,1
Hamilton Depression Inventory,1
Hamilton Anxiety Inventory,1
Liver Meridian,1
Bladder Meridian,1
Edinburgh Depression Scale,1
Shenqi Jieyu,1
Using Logistic,1
Research Database,1
Taiwanese National Health Insurance,1
Nationwide Population,1
Patients Diagnosed,1
Guangzhou Medical University,1
Ethics Committee,1
Analysis Platform,1
Suicide Severity Rating Scale,1
Neuroinflammatory Effects,1
Fructus Gardeniae,1
Stroke Depression,1
Shugan Powder,1
Chinese Classical Prescription Chaihu,1
Revisiting Licorice,1
Ramulus Cinnamomi,1
The Model,1
Fifty Sprague,1
Shang Han Za Bing,1
Induced Depressive,1
Mild Stress,1
Salvianolic Acids Alleviate Chronic,1
Science Direct,1
Tricarboxylic Acid,1
Natural Products,1
The Therapeutic Effect,1
Recovering Dysfunction,1
Pittsburgh Sleep Quality Index,1
In Traditional Chinese Medicine,1
Yuquan Hospital Tsinghua University,1
Western Medicine,1
Technique Journals Database,1
Sijunzi Decoction,1
Suppressing Neuroinflammation,1
Anxiety Disorders,1
Depressive Effects,1
Inhibiting Neuroinflammation,1
Baicalin Ameliorates Depression,1
Shenling Kaixin,1
Possible Mechanism,1
Chinese Medicine Systems Pharmacology,1
China Scientific Journal Database,1
San Ameliorated Osteoporosis,1
Network Pharmacology Approach,1
Molecular Docking Analysis,1
South San Francisco,1
San Diego,1
Scripps Research Institute,1
Olson Laboratory,1
Betel Nut,1
Depression Compounds,1
Bioactive Anti,1
Performance Liquid Chromatography,1
Kaiyu Zhishen,1
Potential Antidepressant Mechanisms,1
Integrating Molecular Biology,1
Therapeutic Traditional Chinese Medicine,1
Sesquiterpene Lactone Isolated,1
Root Bark,1
Chinese Medicine,1
Combining Network Pharmacology,1
Systematic Pharmacology,1
The Traditional Chinese Medicine,1
Its Impact,1
Total Ginsenoside Ginseng Root,1
Pharmacological Mechanism,1
Transcriptomic Strategies,1
Although Xiaochaihu Decoction,1
Traditional Chinese Medicine Buyang,1
Guipi Decoction,1
Systems Dock Web Site,1
The Metascape,1
Baihe Zhimu Decoction Based,1
The Buyang Huanwu Decoction,1
Huanwu Decoction,1
Key Genes,1
Potential Biomarkers,1
Syrup Alleviates Postpartum Depression,1
Recombinant Autophagy Related Protein,1
Serotonin Transporter,1
Noncompetitive Inhibition,1
Syringaresinol Exerts,1
Materia Medica,1
Historical Chinese,1
The Swiss Target Prediction,1
Network Pharmacology Reveal,1
Integrative Multi,1
Xiaoyao Kangai Jieyu Formula,1
Han Shi Yi Tong,1
Lactate Dehydrogenase,1
Glutamate System,1
Gut Microbes,1
The Zhimu,1
The Mechanisms Underlying,1
Pharmacological Effects,1
Coming Bioactive Compound Against,1
Network Pharmacology Reveals,1
Serum Pharmacology Combined,1
Coremine Medical,1
Gene Expression Omnibus,1
Neurological Diseases,1
Kyoto Encyclopedia Genes,1
Androgen Receptor,1
Antidepressant Potential,1
Experimental Validation,1
Po Decoction,1
Coronary Heart Disease,1
Mechanisms Underlying Effects,1
Molecular Docking Analyses,1
Linked Immunosorbent Assay,1
Fu Ling,1
Bai Shao,1
metabolomics was performed to,1
An Agilent,1
Single Dose,1
Its Application,1
Beagle Plasma,1
Five Components,1
Simultaneous Determination,1
Chronic Restrained Stress Rats,1
Regulating Blood Rheology Effects,1
Comparison Study,1
Serum Pharmacochemistry,1
Active Components,1
Reveal Antidepressant Targets,1
Stable Isotope Tracer Technique,1
Chaihushugan San,1
Experimental Evidence,1
Antidepressive Roles,1
Therapeutic Target Database,1
Regulating Glucocorticoid Metabolism,1
The Km,1
Frontal Cortex,1
Cognitive Enhancement,1
Microsoft Excel,1
Mechanistic Insights,1
Network Pharmacology Provides Complementary,1
Chaihu Shugan San Exerts,1
The Yueju Wan,1
Yuan Dynasty,1
Validating Antidepressant,1
Combined Strategy,1
Correlation Analysis,1
Integrated Pharmacology,1
The Succinate,1
Human Phenotype Ontology,1
Reporting In Vivo Experiments,1
Ganmai Dazao,1
Animal Research,1
Antidepressant Effect,1
Mediated Hippocampal Angiogenesis,1
Taiping Huimin Heji Ju,1
Male Sprague,1
Jiawei Danzhi Xiaoyao San,1
Olfactory Bulbectomized Mice,1
Rapid Antidepressant,1
End Labeling,1
Danggui Shaoyao San,1
Oil Red,1
Then Gene Ontology,1
Shang Han Lun,1
Danzhi Xiaoyaosan,1
Repressing Neuroinflammation,1
Depressive Behavior Caused,1
Yu Syndrome,1
Proteomics Study Reveals,1
Depressive Mechanisms,1
Gan Mai Da Zao,1
Qi Stagnation Syndrome,1
Depressive Treatment,1
San Reinforces,1
Sini San,1
Polymerase Chain Reaction,1
Ease Pill,1
Compatibility Advantage,1
Monte Carlo,1
Experimental Perimenopausal Depression Rat,1
Related Mechanism Involved,1
Brain Functional Network Connectivity,1
Tandem Mass Tag,1
Rat Model,1
Enzyme Linked Immunosorbent Assay,1
Fractions Prepared,1
San Decoction,1
Adrenal Axis,1
Da Zao,1
Fu Xiao Mai,1
Baked Bupleurum Scorzonerifolium Willd,1
Two Omics Methods Expose,1
Regulating Purine Metabolism,1
Paeonia Lactiflora Pall Herb,1
Synergistic Antidepressant Effect,1
Targeted Quantitative Analysis,1
Targeted Metabolomics,1
Brain Axis Dysfunctions,1
Diseases Related,1
Therapeutic Effects,1
Mental Depression,1
Herbal Approaches,1
Shanghan Lun,1
Ameliorates Prenatal Stress,1
Induced Anxiety,1
Axis Hyperfunction,1
Diabetic Rats,1
Xiao Yao,1
In Alzheimer,1
Salvianolic Acid,1
Polygala Tenuifolia,1
Effective Compound Originated From,1
Neuroprotective Effects,1
Ameliorate Depression,1
Ameliorating Neurodevelopmental Dysfunction,1
Controlled Study,1
Moderate Depressive Symptoms,1
Mood Regulation,1
Saffron Supplementation,1
Combined Scutellaria,1
The Effects,1
Neural Circuit Mechanisms,1
The Bupleuri Radix,1
Herbal Formula,1
Pall Herb Pair,1
Paeoniflorin Alleviates Lipopolysaccharide,1
Cochrane Handbook,1
Proprietary Chinese,1
Network Pharmacology Prediction,1
Proprietary Medicines Containing,1
Pharmacological Mechanisms,1
Antidepressant Active Components,1
Depression Through,1
United States,1
Chaihu Shugansan,1
Jie Yu,1
Comprehensive Review,1
Depression Disorder,1
Arginine Vasopressin,1
Induced Neuroinflammation,1
Neurodegenerative Disorders,1
Managing Depression,1
Novelty Suppressed Feeding Test,1
Paeonia Radix Alba,1
Angelica Sinensis Radix,1
Herba Lysimachiae,1
Suanzaoren Decoction,1
Shen Nong Ben Cao,1
Meranzin Hydrate Improves Depression,1
The Angelica,1
Potential Antidepressant Effects,1
Song Dynasty,1
He Ji Ju Fang,1
Tai Ping Hui Min,1
postpartum depression both as an,1
NLRP3 inflammasome activation induces pyroptosis,1
HPA axis hyperfunction,1
mice by decreasing immobility,1
metabolomics reveals Changpu San,1
mice with relatively low,1
Yangxin decoction exhibits multi-component,1
Yangxin decoction and MDD,1
Yangxin decoction were identified,1
mouse model was successfully,1
mouse model was employed,1
berberine therapy in post-stroke,1
icariin to the treatment,1
icariin in nervous system,1
icariin in different diseases,1
icariin for medicinal purposes,1
icariin is lacking,1
Icariin is a biologically,1
mouse study to temper,1
Metabolomics analysis identified,1
post-stroke depression based on multi-omics,1
rat model was developed,1
mice for validation,1
mice using ELISA,1
BDNF signalling,1
quercetin may inhibit neuroinflammation,1
quercetin could improve depression-like,1
quercetin may be closely,1
Quercetin was identified as,1
quercetin - a key,1
transcriptomics and metabolomics,1
SLC6A3 and Medicarpin is,1
Formononetin have high binding,1
neuroactive ligand-receptor interaction pathways,1
Anxiety Rating Scale,1
Patient Assessment of Constipation,1
anhedonia and despair-like states,1
mice via the Adipose-Brain,1
GABAergic synapse pathways might have,1
mice were evaluated through,1
Sinisan Formula,1
Mice in different groups,1
Systematic review of Kaixinsan in,1
mice and lipopolysaccharide-induced cellular,1
BDNF signaling pathway by,1
quercetin as KZD,1
mice was established to,1
BDNF signaling pathway is,1
BDNF and DRD,1
GSK3β phosphorylation in mouse,1
Xiao-chai-hu-tang on chronic stress-induced,1
systematic review were obtained from,1
mice by ameliorating Trp,1
systematic review will provide evidence,1
mouse hippocampus while upregulating,1
depressive disorder patients with liver,1
Meta-analysis was conducted with,1
Meta-analysis showed that both,1
CAMP signaling pathways,1
cAMP signaling pathway to,1
sinisan formula in depression,1
mouse models,1
mice by inhibiting NLRP,1
HPA axis hyperactivity in mice,1
NLRP3 inflammasome complex were determined,1
mouse serum and brain,1
BDNF signaling pathway were,1
IL-1β and IDO,1
cAMP signaling pathway based,1
Yangxin decoction were screened,1
Yangxin decoction in treating MDD,1
Yangxin decoction has been used,1
depressive disorder using network pharmacology,1
Yangxin decoction in treating major,1
mTOR pathway activation and,1
neuroactive ligand-receptor interaction pathway,1
Camp Responsive Element Modulator,1
quercetin down-regulated BCRD and,1
postpartum depression by affecting the,1
919 syrup could improve the,1
919 syrup is ingested orally,1
postpartum depression in both clinical,1
919 Syrup Alleviates Postpartum Depression,1
mouse model of DD,1
mice were investigated and,1
PKA protein were used,1
mice by inhibiting inflammation,1
mice by targeting the,1
Quercetin inhibited neuronal ferroptosis,1
quercetin on BCRD,1
quercetin increased CD,1
quercetin reduced the high,1
quercetin promoted proliferation but,1
mice with induced untreated,1
mice with induced PPD,1
mice with PPD were,1
berberine improve diabetes and,1
BV2 cell inflammation model,1
Transcriptomics and,1
Multi-omics and Network Pharmacology,1
quercetin in the treatment,1
mice to construct a,1
depressive disorder through the cAMP,1
GABRA1 genes,1
mice via the MAPK-CREB,1
zebrafish in thigmotaxis behavior,1
SLC6A3 genes in the,1
mice to assess the,1
anxiety disorders are prevalent,1
mice and partially restores,1
mice were regularly administered,1
quercetin and PTGS,1
Quercetin treatment not only,1
COX-2 curtailed BV-,1
HPA axis negative feedback,1
mice with depression-like behaviors,1
mice treated by TP,1
mice by behavioral evaluations,1
prospective study was based on,1
mice while exhibiting antidepressant,1
weight loss and inflammation in,1
Sinisan in the treatment,1
Metabolomics and Network Pharmacology,1
anxiety and depressive behaviors,1
EGF and TNF,1
Sinisan formula in depression,1
mice by inhibiting microglial,1
mice were treated with,1
in vitro study was conducted in,1
mice after treatment with,1
mice after exposure to,1
mice compared to a,1
COX-2 was mainly expressed,1
mice by suppressing microglial,1
quercetin treatment on BCRD,1
Quercetin was applied to,1
mice were injected subcutaneously,1
quercetin alleviating BCRD,1
Quercetin inhibits neuronal Ferroptosis,1
mice and reduced microglial,1
Cynaroside improved depressive-like behavior,1
COX-2 and thus alleviated,1
mice by inhibiting CSF,1
Transcriptomics data analysis was,1
quercetin bound to prostaglandin-endoperoxide,1
systematic review will be published,1
mice and explore the,1
HPA axis index were detected,1
mice in both strains,1
Qi deficiency behavior was assessed,1
mice were compared for,1
Meta-analysis of Xiaoyao formula,1
mouse TDO in cell-,1
systematic review and Bayesian network,1
postpartum depression and its therapeutic,1
Systematic Review and Network Meta-Analysis,1
postpartum depression were divided into,1
meta-analysis indicated that acupuncture,1
Postpartum Depression Scale,1
anxiety symptoms,1
patient started to feel,1
postpartum depression in rat model,1
formononetin to PTGS,1
postpartum depression model,1
mice subjected to,1
cross-sectional study was conducted using,1
postpartum depression among reproductive-aged women,1
anxiety behaviors,1
Sinisan ameliorates early-life stress-induced,1
Liquiritin and isoliquiritin from,1
rat model of dizziness,1
quercetin has direct and,1
mTOR pathway and reversed,1
mTOR related to the,1
mTOR signaling pathways were,1
mouse depressive model,1
mouse depressive model was,1
quercetin can cause more,1
postpartum depression in reproductive-aged women,1
formononetin showed to be,1
anxiety induced by chronic,1
postpartum depression in rat models,1
systematic review and meta-analysis will,1
PKA inhibitor dihydrochloride,1
post-stroke depression and post-partum depression,1
postpartum depression in rats,1
Postpartum depression was measured using,1
fatigue and to investigate,1
meta-analysis aims to evaluate,1
postpartum depression is observed,1
Systematic Review of Randomized Controlled,1
patient tolerance,1
systematic review of randomized controlled,1
patient compliance,1
treatment-resistant depression in the clinic,1
Anxiety Inventory,1
patient data will not,1
postpartum depression after acupuncture,1
meta-analysis will be disseminated,1
meta-analysis results showed that,1
anxiety in patients with,1
meta-analysis suggested that acupuncture,1
mice model and orthotopic,1
mice and counteracted the,1
mTOR were the key,1
postpartum depression were included in,1
meta-analysis selected randomized controlled,1
systematic review of the literature,1
postpartum depression were eligible,1
Postpartum depression is a major,1
Postpartum depression affects an estimated,1
Postpartum depression is a common,1
COX-2 and p,1
randomized controlled trial in which,1
meta-analysis was to explore,1
Postpartum Depression Scale will be,1
clinical trial was conducted from,1
HepG2 cell lines to evaluate,1
postpartum depression will be included,1
postpartum depression remains controversial,1
postpartum depression and provides a,1
systematic review of publicly available,1
Quercetin positively affects neuroplasticity,1
quercetin formulations to maximize,1
mice by engaging the,1
mice were administered reserpine,1
anxiety combined with depression,1
anxiety during adolescence is,1
anxiety has been increasing,1
anxiety and experimental verification,1
patient acceptance and compliance,1
postpartum depression group,1
postpartum depression with respect to,1
meta-analysis demonstrated that the,1
NF-kB and CD,1
TLR4 expression and activation,1
Wuling Capsules and deciphering the,1
rat model of liver,1
Wuling Capsules was evaluated with,1
meta-analysis will be submitted,1
Wuling Capsules ignores some macromolecules,1
mice showed co-susceptibility to,1
qi deficiency symptoms were only,1
Anxiety Disorders and Possible,1
mice brains,1
fatigue remains unsatisfying,1
qi deficiency are very similar,1
qi deficiency syndrome,1
qi deficiency is a common,1
mice both showed depressive,1
fatigue in the strain-dependent,1
BDNF activation and enhanced,1
anhedonia and elevated suicide,1
weight loss and depression-like behaviors,1
Mice received various doses,1
mice and systematically elucidated,1
anxiety treatment,1
anxiety in rats by,1
anxiety are the most,1
Wuling Capsules is one of,1
Wuling Capsules prepared with different,1
fatigue following CUMS,1
mice via the PI,1
anxiety disorder,1
anxiety symptoms by improving,1
metabolomics was analyzed using,1
Berberine is one of,1
rat models and to,1
Jun and cAMP response,1
mice showed reduced mRNA,1
rat models demonstrated that,1
mice exhibited significantly elevated,1
anxiety remain unclear,1
mice showed increased expression,1
mice exhibited increased serotonin,1
mice was significantly reduced,1
mice showed significantly elevated,1
rat model was evaluated,1
locomotor activity test,1
depressive disorder with liver qi,1
BDNF signaling pathway induced,1
mice model of CRC,1
BDNF significantly increased PC,1
Depressive disorder is one of,1
cAMP response element binding,1
berberine could exert antidepressant,1
mouse hippocampus or HT-,1
berberine could alleviate inflammatory,1
food intake without affecting locomotor,1
berberine could effectively ameliorate,1
BDNF signaling pathways,1
berberine were evaluated by,1
BDNF and TrkB mRNA,1
berberine can exert antidepressant,1
Berberine exerts antidepressant effects,1
Major Depressive Disorder based on Network,1
mTOR signaling pathway were,1
mouse prenatal stress model,1
Anxiety and Depression in,1
systematic review of clinical research,1
major depressive disorder in pregnancy,1
anxiety and,1
Anxiety and depression are,1
Mice treated with high-dose,1
BDNF levels and showed,1
mice by modulating exosome-mediated,1
mouse model and to,1
HPA axis shown by the,1
mice model and investigate,1
Mice with Depressive Behavior,1
systematic review and meta-analysis approved,1
meta-analysis showed that comparing,1
meta-analysis using Review Manager,1
quercetin and luteolin were,1
anxiety inventory,1
clinical trial using electroacupuncture plus,1
systematic review and meta-analysis to,1
mice and investigate the,1
mice model was established,1
mice by inhibiting microglia,1
zebrafish larvae,1
mice that exhibited depression-like,1
mice through the AdipoR,1
rat serum using liquid,1
post-stroke depression in mice,1
Meta-analysis of Different Acupuncture,1
GSK3β overexpression virus,1
GSK3β overexpressing virus,1
rat model for PSD,1
patient survival,1
post-stroke depression through the JAK,1
systematic review provides a deep,1
anxiety in rodent models,1
anxiety in animal models,1
Mice behavioral changes detected,1
IL-1β than GPT,1
SP6 and GV,1
Xiaochaihu Decoction and guides the,1
metabolomics analyzed gut microbiota,1
Patient Health Questionnaire,1
clinical trial of depression- and,1
Meta-Analysis guidelines were followed,1
meta-analysis is to evaluate,1
mice with CUMS induced,1
mice subjected to chronic,1
meta-analysis was conducted to,1
clinical trial comparing needle-based AC,1
literature review for the anti-inflammatory,1
mice with depression,1
systematic review and meta-analysis examined,1
systematic review was conducted,1
PC6 and SP,1
Jiuwei Zhenxin Granules in Treating Depression,1
sadness and loss of,1
mouse BCRD model was,1
JNK phosphorylation,1
rat model by assessing,1
postpartum depression via AGE,1
Multi-omics analysis identified the,1
rat model was constructed,1
multi-omics methodologies,1
IL-1β being XYS-specific and,1
systematic review of clinical studies,1
anxiety score in the,1
major depressive disorder using baseline clinical,1
anxiety domain lasted until,1
Xiaochaihu Decoction are explored for,1
Xiaochaihu Decoction is a classical,1
meta-analysis was performed by,1
Mice were treated with,1
mice and enhance the,1
quercetin can stably bind,1
narrative review summarizes the molecular,1
rat brain were also,1
arachidonic acid metabolism by synergetic reducing,1
arachidonic acid metabolism was selected as,1
metabolomics were jointly analyzed,1
systematic review and meta-analysis were,1
metabolomics to dissect the,1
meta-analysis demonstrates that paeoniflorin,1
BDNF protein expression compared,1
berberine plus ginsenoside Rb,1
rat diabetes model,1
Berberine and Ginsenoside Rb,1
mouse models of CUMS,1
mice were assessed using,1
mice were randomized into,1
mouse model of spontaneous,1
anxiety disorders,1
systematic review on the efficacy,1
meta-analysis for efficacy,1
Metabolomics and Targeted Quantitative,1
HPA Axis Hyperfunction and Ameliorating,1
BDNF levels in the,1
mice and compared those,1
anxiety disorders are highly,1
rat feces were applied,1
metabolomics combined with targeted,1
mice through modulation of,1
multi-omics were used to,1
mice treated with NCS,1
mouse chronic stress models,1
mice bearing H,1
mice and suppressed the,1
fos positive neurons in,1
mice and lowered the,1
basic research is required,1
Systematic review of ethnomedicine,1
mouse models and to,1
HPA axis elevates cortisol and,1
liquiritin has not been,1
liquiritin can exert their,1
mice by modulating neuroinflammation,1
TLR4 silencing enhanced cellular,1
TLR4 overexpression attenuated SSA,1
BDNF axis and mitigating,1
TLR4 as a therapeutic,1
mice and rats,1
mouse forced swim test,1
Sinisan formula,1
liquiritin in treating MDD,1
Sinisan formula for the,1
Systematic Review and Meta-Analysis of,1
BDNF signaling upregulation by,1
mTOR signaling,1
Mice were co-administered PF,1
mouse model in vivo,1
NLRP3 inflammasome activation via the,1
liquiritin are the main,1
BDNF impairs neuroplasticity and,1
sadness or a sense,1
BDNF and p-mTOR protein,1
mice in each group,1
mice were randomly divided,1
blood stasis and blood deficiency,1
anxiety or depression with,1
GSK3β pathway,1
mice dampened the beneficial,1
mice to confirm the,1
mice underwent behavioral studies,1
depressive disorder in vivo,1
mouse model to explore,1
HPA axis function,1
anxiety during this pandemic,1
post-stroke depression and pathological insights,1
Major Depressive Disorder Based on a,1
FKBP5 interactions,1
meta-analysis aimed to assess,1
multi-omics analysis unveiled several,1
Chaihu Shugan San modulates depression-like behavior,1
mice hippocampus in vivo,1
mice exhibit depressive-like behaviors,1
zebrafish model of depression,1
Bupleuri Radix as the sovereign,1
mice models,1
mice forced swimming test,1
mice tail suspension test,1
multi-omics study,1
zebrafish PD models,1
Major depressive disorder is the most,1
Transcriptomics and real-time qPCR,1
Icariin mitigates depressive-like behavior,1
mTOR and p,1
mTOR Signaling in Rapid,1
mTOR and associated AMPA,1
mouse model and the,1
NLRP3 ubiquitination,1
NLRP3 inflammasome activity,1
NLRP3 degradation,1
NLRP3 inflammasome activation and pyroptosis,1
IL-1β and elevating the,1
anhedonia and behavioral despair,1
metabolomics in a rat,1
BDNF in the rapid,1
Meta-analysis of the clinical,1
mice models of despair,1
mTOR and its upstream,1
BDNF was evaluated with,1
mTOR signaling in the,1
forced swim test in OB mice,1
mice exhibited significant depression-like,1
FKBP5 expression and NF-,1
clinical trial was conducted at,1
mice were subsequently treated,1
systematic review of the materia,1
Metabolomics analysis identified brain,1
mice by inhibiting neuroinflammation,1
mice model and behavioral,1
metabolomics in a CUMS,1
mice exposed to CRS,1
mice were significantly decreased,1
mTOR signaling and downregulated,1
mice after CRS in,1
mice that were elevated,1
BDNF and MAPK,1
mTOR as well as,1
mice and to explore,1
mice through systemic pharmacology,1
icariin on depressive behavior,1
PPAR-γ in the mPFC,1
Rat depression models induced,1
Rat colons were processed,1
rutin promoted the nuclear,1
mice underwent a,1
FKBP5 knockout,1
rutin and could be,1
rutin reduces neuroinflammation and,1
PPAR-γ and inhibiting NF,1
PPAR-γ in the hippocampus,1
rutin and PPAR-,1
Mice by Noncompetitive Inhibition,1
PPAR-γ were utilized to,1
mTOR signaling pathway to,1
IL-1β but increased IL-,1
weight loss in rats with,1
mTOR signaling pathway is,1
transcriptomics sequencing revealed that,1
rat model of PSD,1
metabolomics of hippocampus tissue,1
mice by reducing neuroinflammation,1
naringenin as principal bioactive,1
mice using untargeted lipidomics,1
mice under CUMS treatment,1
mice model and to,1
Rat Model of Chronic,1
BDNF neuroplasticity-related pathway,1
mice through coordinated suppression,1
BDNF levels were quantified,1
BDNF signaling pathway in,1
mice by suppressing hippocampal,1
mice but also in,1
BDNF expressions not only,1
mice by Western blots,1
mice through the intestinal,1
mouse weight,1
transcriptomics on brain and,1
metabolomics were analyzed by,1
metabolomics in rat depression,1
mice and the underlying,1
Metabolomics has been gradually,1
NLRP3 and NF-,1
basic research on acupuncture in,1
systematic review of acupuncture and,1
rat model were established,1
Systematic review of traditional chinese,1
metabolomics in the study,1
Depressive disorder is a kind,1
metabolomics analysis exhibits a,1
metabolomics on Chinese herbal,1
mice was employed and,1
systematic review of clinical trials,1
sadness and lack of,1
patient spectrum,1
major depressive disorder in adults,1
mice through a combination,1
Chaihu Shugan San on major depressive,1
mice showed a decreased,1
mice developed obesity,1
IL-1β in the hippocampus,1
Metabolomics revealed sustained changes,1
perimenopausal depression rat models were,1
major depressive disorder at molecular level,1
Guipi Tang and its effects,1
mTOR signaling may underlie,1
food intake and body weight,1
mice when compared with,1
Meta-analysis shows that Xiaoyao,1
HPA axis to relieve depression,1
HPA axis and sustaining increase,1
metabolomics was integrated with,1
meta-analysis and to explore,1
meta-analysis and network pharmacology,1
NLRP3 inflammasome in the hippocampus,1
Chaihu Shugan San on Brain Functional,1
metabolomics combined with metagenomics,1
mouse model of Liver-Qi,1
rat depression model,1
metabolomics studies to further,1
HIF-1 signaling pathway and lipid metabolism-related,1
SYstematic Review Centre for Laboratory,1
mice with both syndromes,1
mouse models of depressive,1
locomotor activity as measured by,1
Perimenopausal Depression Rat Model,1
locomotor activity in open field,1
Systematic review registration,1
liquiritin and ginsenosides,1
meta-analysis to rigorously evaluate,1
Perimenopausal Depression Rat Model using,1
perimenopausal depression rat models,1
Integrating Metabolomics,1
