herb1,herb2
H1254,H1251
H1254,H1241
H1254,H1228
H1254,H1202
H1254,H1115
H1254,H1044
H1254,H0980
H1254,H0974
H1254,H0902
H1254,H0886
H1254,H0818
H1254,H0700
H1254,H0685
H1254,H0567
H1254,H0534
H1254,H0424
H1254,H0375
H1254,H0351
H1254,H0339
H1254,H0254
H1254,H0205
H1254,H0195
H1254,H0059
H1254,H0042
H1251,H1254
H1251,H1241
H1251,H1228
H1251,H1202
H1251,H1115
H1251,H1044
H1251,H0980
H1251,H0974
H1251,H0902
H1251,H0886
H1251,H0818
H1251,H0700
H1251,H0685
H1251,H0567
H1251,H0534
H1251,H0424
H1251,H0375
H1251,H0351
H1251,H0339
H1251,H0254
H1251,H0205
H1251,H0195
H1251,H0059
H1251,H0042
H1241,H1254
H1241,H1251
H1241,H1228
H1241,H1202
H1241,H1115
H1241,H0886
H1241,H0818
H1241,H0700
H1241,H0424
H1241,H0375
H1241,H0339
H1241,H0205
H1241,H0059
H1241,H0042
H1228,H1254
H1228,H1251
H1228,H1241
H1228,H1202
H1228,H1115
H1228,H0886
H1228,H0818
H1228,H0700
H1228,H0424
H1228,H0375
H1228,H0339
H1228,H0205
H1228,H0059
H1228,H0056
H1228,H0049
H1228,H0042
H1225,H1222
H1225,H0339
H1222,H1225
H1222,H0339
H1215,H0089
H1214,H1077
H1214,H1038
H1214,H0916
H1213,H1175
H1213,H1174
H1213,H1138
H1213,H1109
H1213,H1044
H1213,H0969
H1213,H0967
H1213,H0963
H1213,H0932
H1213,H0898
H1213,H0882
H1213,H0818
H1213,H0685
H1213,H0577
H1213,H0562
H1213,H0534
H1213,H0503
H1213,H0424
H1213,H0354
H1213,H0351
H1213,H0266
H1213,H0199
H1213,H0169
H1213,H0166
H1213,H0130
H1213,H0059
H1213,H0056
H1213,H0009
H1209,H0877
H1209,H0589
H1209,H0577
H1209,H0297
H1202,H1254
H1202,H1251
H1202,H1241
H1202,H1228
H1202,H1115
H1202,H0886
H1202,H0818
H1202,H0700
H1202,H0424
H1202,H0375
H1202,H0339
H1202,H0205
H1202,H0059
H1202,H0042
H1200,H1169
H1200,H1044
H1200,H0980
H1200,H0974
H1200,H0764
H1200,H0715
H1200,H0685
H1200,H0567
H1200,H0553
H1200,H0468
H1200,H0351
H1200,H0339
H1200,H0314
H1200,H0254
H1200,H0195
H1200,H0172
H1200,H0049
H1188,H0949
H1188,H0892
H1184,H0980
H1184,H0688
H1184,H0432
H1184,H0404
H1184,H0351
H1184,H0314
H1184,H0264
H1184,H0199
H1184,H0139
H1181,H0581
H1181,H0393
H1181,H0364
H1175,H1213
H1175,H1174
H1175,H0932
H1175,H0562
H1175,H0056
H1174,H1213
H1174,H1175
H1174,H0932
H1174,H0562
H1174,H0056
H1169,H1200
H1169,H1044
H1169,H0980
H1169,H0974
H1169,H0685
H1169,H0567
H1169,H0553
H1169,H0351
H1169,H0339
H1169,H0254
H1169,H0195
H1168,H0519
H1168,H0364
H1166,H0364
H1154,H1145
H1154,H0117
H1147,H0764
H1147,H0700
H1147,H0570
H1147,H0314
H1147,H0193
H1147,H0190
H1147,H0049
H1146,H0841
H1146,H0341
H1146,H0130
H1145,H1154
H1145,H0117
H1139,H0366
H1138,H1213
H1138,H0967
H1138,H0764
H1138,H0577
H1138,H0169
H1138,H0166
H1138,H0056
H1120,H0306
H1115,H1254
H1115,H1251
H1115,H1241
H1115,H1228
H1115,H1202
H1115,H0886
H1115,H0818
H1115,H0700
H1115,H0424
H1115,H0375
H1115,H0339
H1115,H0205
H1115,H0059
H1115,H0056
H1115,H0049
H1115,H0042
H1109,H1213
H1109,H1044
H1109,H0967
H1109,H0898
H1109,H0818
H1109,H0685
H1109,H0534
H1109,H0424
H1109,H0351
H1109,H0199
H1105,H0651
H1100,H0412
H1094,H0447
H1092,H0295
H1092,H0267
H1090,H1030
H1090,H1009
H1090,H0629
H1090,H0618
H1087,H0934
H1077,H1214
H1077,H0524
H1076,H0737
H1076,H0444
H1076,H0240
H1062,H0366
H1061,H0210
H1059,H1054
H1059,H0773
H1059,H0570
H1056,H0581
H1056,H0402
H1056,H0392
H1054,H1059
H1054,H0773
H1054,H0570
H1044,H1254
H1044,H1251
H1044,H1213
H1044,H1200
H1044,H1169
H1044,H1109
H1044,H0980
H1044,H0974
H1044,H0967
H1044,H0937
H1044,H0934
H1044,H0898
H1044,H0886
H1044,H0818
H1044,H0782
H1044,H0715
H1044,H0700
H1044,H0688
H1044,H0685
H1044,H0664
H1044,H0663
H1044,H0567
H1044,H0553
H1044,H0534
H1044,H0487
H1044,H0424
H1044,H0404
H1044,H0351
H1044,H0339
H1044,H0314
H1044,H0254
H1044,H0199
H1044,H0195
H1044,H0193
H1044,H0166
H1044,H0145
H1044,H0139
H1044,H0138
H1044,H0137
H1044,H0113
H1044,H0105
H1044,H0055
H1044,H0042
H1038,H1214
H1038,H1030
H1038,H0684
H1038,H0618
H1038,H0532
H1038,H0492
H1038,H0450
H1038,H0430
H1038,H0352
H1038,H0130
H1038,H0090
H1033,H0618
H1033,H0562
H1033,H0534
H1033,H0497
H1033,H0177
H1033,H0090
H1033,H0056
H1030,H1090
H1030,H1038
H1030,H1009
H1030,H0684
H1030,H0492
H1030,H0352
H1024,H0446
H1024,H0439
H1024,H0338
H1024,H0159
H1022,H0028
H1016,H1015
H1016,H0894
H1016,H0877
H1016,H0597
H1016,H0390
H1016,H0297
H1015,H1016
H1015,H0894
H1015,H0877
H1015,H0597
H1015,H0390
H1015,H0297
H1009,H1090
H1009,H1030
H1009,H0629
H1009,H0618
H1006,H0742
H1006,H0524
H1006,H0398
H1006,H0365
H1006,H0215
H0998,H0700
H0998,H0193
H0980,H1254
H0980,H1251
H0980,H1200
H0980,H1184
H0980,H1169
H0980,H1044
H0980,H0974
H0980,H0967
H0980,H0937
H0980,H0934
H0980,H0886
H0980,H0818
H0980,H0782
H0980,H0715
H0980,H0700
H0980,H0688
H0980,H0685
H0980,H0664
H0980,H0663
H0980,H0567
H0980,H0553
H0980,H0534
H0980,H0532
H0980,H0487
H0980,H0424
H0980,H0404
H0980,H0351
H0980,H0339
H0980,H0314
H0980,H0254
H0980,H0199
H0980,H0195
H0980,H0193
H0980,H0166
H0980,H0145
H0980,H0139
H0980,H0137
H0980,H0113
H0980,H0105
H0980,H0042
H0974,H1254
H0974,H1251
H0974,H1200
H0974,H1169
H0974,H1044
H0974,H0980
H0974,H0937
H0974,H0886
H0974,H0818
H0974,H0715
H0974,H0688
H0974,H0685
H0974,H0567
H0974,H0553
H0974,H0534
H0974,H0487
H0974,H0424
H0974,H0351
H0974,H0339
H0974,H0254
H0974,H0195
H0974,H0145
H0974,H0137
H0974,H0042
H0973,H0688
H0973,H0441
H0969,H1213
H0969,H0534
H0968,H0892
H0968,H0618
H0968,H0592
H0968,H0450
H0968,H0090
H0967,H1213
H0967,H1138
H0967,H1109
H0967,H1044
H0967,H0980
H0967,H0963
H0967,H0898
H0967,H0886
H0967,H0818
H0967,H0782
H0967,H0772
H0967,H0763
H0967,H0700
H0967,H0685
H0967,H0577
H0967,H0567
H0967,H0562
H0967,H0534
H0967,H0424
H0967,H0404
H0967,H0351
H0967,H0314
H0967,H0199
H0967,H0193
H0967,H0169
H0967,H0166
H0967,H0139
H0967,H0138
H0967,H0130
H0967,H0113
H0967,H0105
H0967,H0056
H0967,H0055
H0963,H1213
H0963,H0967
H0958,H0522
H0955,H0949
H0955,H0003
H0954,H0172
H0949,H1188
H0949,H0955
H0949,H0934
H0949,H0892
H0949,H0784
H0949,H0761
H0949,H0623
H0941,H0168
H0937,H1044
H0937,H0980
H0937,H0974
H0937,H0886
H0937,H0818
H0937,H0715
H0937,H0688
H0937,H0685
H0937,H0567
H0937,H0487
H0937,H0424
H0937,H0351
H0937,H0339
H0937,H0254
H0937,H0195
H0937,H0145
H0937,H0137
H0937,H0042
H0934,H1087
H0934,H1044
H0934,H0980
H0934,H0949
H0934,H0685
H0934,H0664
H0934,H0663
H0934,H0567
H0934,H0351
H0932,H1213
H0932,H1175
H0932,H1174
H0932,H0562
H0932,H0056
H0926,H0818
H0926,H0623
H0926,H0567
H0926,H0472
H0926,H0424
H0926,H0339
H0916,H1214
H0902,H1254
H0902,H1251
H0902,H0594
H0898,H1213
H0898,H1109
H0898,H1044
H0898,H0967
H0898,H0818
H0898,H0685
H0898,H0534
H0898,H0424
H0898,H0351
H0898,H0199
H0894,H1016
H0894,H1015
H0894,H0877
H0894,H0597
H0894,H0390
H0894,H0297
H0892,H1188
H0892,H0968
H0892,H0949
H0892,H0761
H0892,H0503
H0892,H0450
H0892,H0032
H0886,H1254
H0886,H1251
H0886,H1241
H0886,H1228
H0886,H1202
H0886,H1115
H0886,H1044
H0886,H0980
H0886,H0974
H0886,H0967
H0886,H0937
H0886,H0818
H0886,H0782
H0886,H0715
H0886,H0700
H0886,H0688
H0886,H0685
H0886,H0567
H0886,H0534
H0886,H0487
H0886,H0424
H0886,H0404
H0886,H0375
H0886,H0351
H0886,H0339
H0886,H0314
H0886,H0254
H0886,H0205
H0886,H0199
H0886,H0195
H0886,H0193
H0886,H0166
H0886,H0145
H0886,H0139
H0886,H0137
H0886,H0113
H0886,H0105
H0886,H0059
H0886,H0042
H0882,H1213
H0882,H0592
H0882,H0562
H0882,H0503
H0882,H0495
H0882,H0056
H0877,H1209
H0877,H1016
H0877,H1015
H0877,H0894
H0877,H0597
H0877,H0589
H0877,H0390
H0877,H0350
H0877,H0297
H0873,H0761
H0873,H0109
H0855,H0794
H0855,H0638
H0855,H0564
H0855,H0539
H0855,H0404
H0855,H0314
H0855,H0282
H0855,H0246
H0855,H0139
H0855,H0115
H0847,H0364
H0841,H1146
H0841,H0341
H0834,H0734
H0831,H0715
H0818,H1254
H0818,H1251
H0818,H1241
H0818,H1228
H0818,H1213
H0818,H1202
H0818,H1115
H0818,H1109
H0818,H1044
H0818,H0980
H0818,H0974
H0818,H0967
H0818,H0937
H0818,H0926
H0818,H0898
H0818,H0886
H0818,H0809
H0818,H0715
H0818,H0700
H0818,H0688
H0818,H0685
H0818,H0567
H0818,H0534
H0818,H0487
H0818,H0472
H0818,H0424
H0818,H0375
H0818,H0351
H0818,H0339
H0818,H0254
H0818,H0205
H0818,H0199
H0818,H0195
H0818,H0145
H0818,H0137
H0818,H0042
H0809,H0818
H0809,H0424
H0800,H0734
H0800,H0151
H0794,H0855
H0794,H0638
H0794,H0564
H0794,H0539
H0794,H0404
H0794,H0314
H0794,H0139
H0784,H0949
H0784,H0623
H0784,H0567
H0782,H1044
H0782,H0980
H0782,H0967
H0782,H0886
H0782,H0700
H0782,H0685
H0782,H0567
H0782,H0534
H0782,H0404
H0782,H0314
H0782,H0199
H0782,H0193
H0782,H0166
H0782,H0139
H0782,H0113
H0782,H0105
H0773,H1059
H0773,H1054
H0773,H0570
H0772,H0967
H0772,H0562
H0772,H0166
H0772,H0130
H0766,H0282
H0766,H0210
H0764,H1200
H0764,H1147
H0764,H1138
H0764,H0715
H0764,H0589
H0764,H0577
H0764,H0314
H0764,H0164
H0764,H0113
H0764,H0105
H0764,H0056
H0764,H0049
H0763,H0967
H0762,H0003
H0761,H0949
H0761,H0892
H0761,H0873
H0761,H0032
H0757,H0248
H0744,H0650
H0742,H1006
H0742,H0524
H0742,H0295
H0739,H0715
H0739,H0570
H0737,H1076
H0737,H0444
H0737,H0240
H0734,H0834
H0734,H0800
H0734,H0715
H0734,H0151
H0719,H0093
H0715,H1200
H0715,H1044
H0715,H0980
H0715,H0974
H0715,H0937
H0715,H0886
H0715,H0831
H0715,H0818
H0715,H0764
H0715,H0739
H0715,H0734
H0715,H0688
H0715,H0685
H0715,H0577
H0715,H0570
H0715,H0567
H0715,H0487
H0715,H0432
H0715,H0424
H0715,H0351
H0715,H0339
H0715,H0314
H0715,H0254
H0715,H0195
H0715,H0164
H0715,H0145
H0715,H0137
H0715,H0113
H0715,H0049
H0715,H0042
H0706,H0687
H0700,H1254
H0700,H1251
H0700,H1241
H0700,H1228
H0700,H1202
H0700,H1147
H0700,H1115
H0700,H1044
H0700,H0998
H0700,H0980
H0700,H0967
H0700,H0886
H0700,H0818
H0700,H0782
H0700,H0685
H0700,H0570
H0700,H0567
H0700,H0534
H0700,H0424
H0700,H0404
H0700,H0375
H0700,H0339
H0700,H0314
H0700,H0205
H0700,H0199
H0700,H0193
H0700,H0190
H0700,H0166
H0700,H0139
H0700,H0113
H0700,H0105
H0695,H0567
H0695,H0254
H0695,H0193
H0695,H0042
H0688,H1184
H0688,H1044
H0688,H0980
H0688,H0974
H0688,H0973
H0688,H0937
H0688,H0886
H0688,H0818
H0688,H0715
H0688,H0685
H0688,H0567
H0688,H0487
H0688,H0441
H0688,H0432
H0688,H0424
H0688,H0404
H0688,H0386
H0688,H0351
H0688,H0339
H0688,H0314
H0688,H0254
H0688,H0195
H0688,H0145
H0688,H0139
H0688,H0137
H0688,H0042
H0687,H0706
H0685,H1254
H0685,H1251
H0685,H1213
H0685,H1200
H0685,H1169
H0685,H1109
H0685,H1044
H0685,H0980
H0685,H0974
H0685,H0967
H0685,H0937
H0685,H0934
H0685,H0898
H0685,H0886
H0685,H0818
H0685,H0782
H0685,H0715
H0685,H0700
H0685,H0688
H0685,H0664
H0685,H0663
H0685,H0567
H0685,H0553
H0685,H0534
H0685,H0487
H0685,H0424
H0685,H0404
H0685,H0351
H0685,H0339
H0685,H0314
H0685,H0254
H0685,H0199
H0685,H0195
H0685,H0193
H0685,H0166
H0685,H0145
H0685,H0139
H0685,H0138
H0685,H0137
H0685,H0113
H0685,H0105
H0685,H0055
H0685,H0042
H0684,H1038
H0684,H1030
H0684,H0450
H0682,H0042
H0664,H1044
H0664,H0980
H0664,H0934
H0664,H0685
H0664,H0663
H0664,H0567
H0663,H1044
H0663,H0980
H0663,H0934
H0663,H0685
H0663,H0664
H0663,H0567
H0662,H0611
H0651,H1105
H0650,H0744
H0640,H0237
H0638,H0855
H0638,H0794
H0638,H0564
H0638,H0335
H0638,H0196
H0634,H0010
H0629,H1090
H0629,H1009
H0629,H0618
H0629,H0090
H0623,H0949
H0623,H0926
H0623,H0784
H0623,H0567
H0623,H0472
H0618,H1090
H0618,H1038
H0618,H1033
H0618,H1009
H0618,H0968
H0618,H0629
H0618,H0592
H0618,H0562
H0618,H0450
H0618,H0366
H0618,H0103
H0618,H0090
H0611,H0662
H0611,H0295
H0605,H0272
H0605,H0165
H0605,H0161
H0601,H0594
H0601,H0463
H0601,H0259
H0598,H0130
H0598,H0032
H0597,H1016
H0597,H1015
H0597,H0894
H0597,H0877
H0597,H0390
H0597,H0297
H0594,H0902
H0594,H0601
H0594,H0463
H0594,H0259
H0592,H0968
H0592,H0882
H0592,H0618
H0592,H0503
H0592,H0492
H0592,H0352
H0592,H0090
H0589,H1209
H0589,H0877
H0589,H0764
H0589,H0350
H0589,H0297
H0581,H1181
H0581,H1056
H0581,H0402
H0577,H1213
H0577,H1209
H0577,H1138
H0577,H0967
H0577,H0764
H0577,H0715
H0577,H0562
H0577,H0314
H0577,H0273
H0577,H0266
H0577,H0169
H0577,H0166
H0577,H0164
H0577,H0113
H0577,H0056
H0577,H0049
H0570,H1147
H0570,H1059
H0570,H1054
H0570,H0773
H0570,H0739
H0570,H0715
H0570,H0700
H0570,H0193
H0570,H0190
H0570,H0056
H0567,H1254
H0567,H1251
H0567,H1200
H0567,H1169
H0567,H1044
H0567,H0980
H0567,H0974
H0567,H0967
H0567,H0937
H0567,H0934
H0567,H0926
H0567,H0886
H0567,H0818
H0567,H0784
H0567,H0782
H0567,H0715
H0567,H0700
H0567,H0695
H0567,H0688
H0567,H0685
H0567,H0664
H0567,H0663
H0567,H0623
H0567,H0553
H0567,H0534
H0567,H0532
H0567,H0487
H0567,H0472
H0567,H0424
H0567,H0404
H0567,H0351
H0567,H0339
H0567,H0314
H0567,H0254
H0567,H0199
H0567,H0195
H0567,H0193
H0567,H0166
H0567,H0145
H0567,H0139
H0567,H0137
H0567,H0130
H0567,H0113
H0567,H0105
H0567,H0042
H0564,H0855
H0564,H0794
H0564,H0638
H0562,H1213
H0562,H1175
H0562,H1174
H0562,H1033
H0562,H0967
H0562,H0932
H0562,H0882
H0562,H0772
H0562,H0618
H0562,H0577
H0562,H0534
H0562,H0503
H0562,H0495
H0562,H0166
H0562,H0130
H0562,H0090
H0562,H0056
H0558,H0246
H0558,H0197
H0553,H1200
H0553,H1169
H0553,H1044
H0553,H0980
H0553,H0974
H0553,H0685
H0553,H0567
H0553,H0351
H0553,H0339
H0553,H0254
H0553,H0195
H0542,H0492
H0542,H0352
H0539,H0855
H0539,H0794
H0539,H0282
H0534,H1254
H0534,H1251
H0534,H1213
H0534,H1109
H0534,H1044
H0534,H1033
H0534,H0980
H0534,H0974
H0534,H0969
H0534,H0967
H0534,H0898
H0534,H0886
H0534,H0818
H0534,H0782
H0534,H0700
H0534,H0685
H0534,H0567
H0534,H0562
H0534,H0424
H0534,H0404
H0534,H0351
H0534,H0339
H0534,H0314
H0534,H0254
H0534,H0199
H0534,H0195
H0534,H0193
H0534,H0166
H0534,H0139
H0534,H0138
H0534,H0113
H0534,H0105
H0534,H0059
H0534,H0056
H0534,H0055
H0532,H1038
H0532,H0980
H0532,H0567
H0524,H1077
H0524,H1006
H0524,H0742
H0524,H0295
H0522,H0958
H0519,H1168
H0519,H0364
H0510,H0412
H0506,H0503
H0506,H0090
H0503,H1213
H0503,H0892
H0503,H0882
H0503,H0592
H0503,H0562
H0503,H0506
H0503,H0492
H0503,H0352
H0503,H0130
H0497,H1033
H0495,H0882
H0495,H0562
H0495,H0056
H0492,H1038
H0492,H1030
H0492,H0592
H0492,H0542
H0492,H0503
H0492,H0449
H0492,H0352
H0492,H0202
H0487,H1044
H0487,H0980
H0487,H0974
H0487,H0937
H0487,H0886
H0487,H0818
H0487,H0715
H0487,H0688
H0487,H0685
H0487,H0567
H0487,H0424
H0487,H0351
H0487,H0339
H0487,H0254
H0487,H0195
H0487,H0145
H0487,H0137
H0487,H0042
H0472,H0926
H0472,H0818
H0472,H0623
H0472,H0567
H0472,H0424
H0472,H0339
H0468,H1200
H0463,H0601
H0463,H0594
H0459,H0247
H0459,H0092
H0458,H0282
H0458,H0239
H0458,H0210
H0450,H1038
H0450,H0968
H0450,H0892
H0450,H0684
H0450,H0618
H0450,H0346
H0450,H0090
H0449,H0492
H0449,H0352
H0447,H1094
H0446,H1024
H0446,H0439
H0446,H0338
H0446,H0159
H0444,H1076
H0444,H0737
H0444,H0240
H0441,H0973
H0441,H0688
H0439,H1024
H0439,H0446
H0439,H0338
H0439,H0159
H0436,H0289
H0432,H1184
H0432,H0715
H0432,H0688
H0432,H0404
H0432,H0351
H0432,H0344
H0432,H0314
H0432,H0289
H0432,H0139
H0432,H0137
H0430,H1038
H0430,H0111
H0428,H0404
H0428,H0314
H0428,H0289
H0428,H0264
H0428,H0139
H0424,H1254
H0424,H1251
H0424,H1241
H0424,H1228
H0424,H1213
H0424,H1202
H0424,H1115
H0424,H1109
H0424,H1044
H0424,H0980
H0424,H0974
H0424,H0967
H0424,H0937
H0424,H0926
H0424,H0898
H0424,H0886
H0424,H0818
H0424,H0809
H0424,H0715
H0424,H0700
H0424,H0688
H0424,H0685
H0424,H0567
H0424,H0534
H0424,H0487
H0424,H0472
H0424,H0375
H0424,H0351
H0424,H0339
H0424,H0254
H0424,H0205
H0424,H0199
H0424,H0195
H0424,H0145
H0424,H0137
H0424,H0042
H0422,H0419
H0419,H0422
H0412,H1100
H0412,H0510
H0404,H1184
H0404,H1044
H0404,H0980
H0404,H0967
H0404,H0886
H0404,H0855
H0404,H0794
H0404,H0782
H0404,H0700
H0404,H0688
H0404,H0685
H0404,H0567
H0404,H0534
H0404,H0432
H0404,H0428
H0404,H0351
H0404,H0314
H0404,H0289
H0404,H0264
H0404,H0199
H0404,H0193
H0404,H0166
H0404,H0139
H0404,H0113
H0404,H0105
H0402,H1056
H0402,H0581
H0398,H1006
H0393,H1181
H0392,H1056
H0390,H1016
H0390,H1015
H0390,H0894
H0390,H0877
H0390,H0597
H0390,H0297
H0386,H0688
H0386,H0272
H0375,H1254
H0375,H1251
H0375,H1241
H0375,H1228
H0375,H1202
H0375,H1115
H0375,H0886
H0375,H0818
H0375,H0700
H0375,H0424
H0375,H0339
H0375,H0205
H0375,H0059
H0375,H0042
H0370,H0261
H0370,H0130
H0366,H1139
H0366,H1062
H0366,H0618
H0366,H0103
H0365,H1006
H0364,H1181
H0364,H1168
H0364,H1166
H0364,H0847
H0364,H0519
H0354,H1213
H0352,H1038
H0352,H1030
H0352,H0592
H0352,H0542
H0352,H0503
H0352,H0492
H0352,H0449
H0352,H0202
H0351,H1254
H0351,H1251
H0351,H1213
H0351,H1200
H0351,H1184
H0351,H1169
H0351,H1109
H0351,H1044
H0351,H0980
H0351,H0974
H0351,H0967
H0351,H0937
H0351,H0934
H0351,H0898
H0351,H0886
H0351,H0818
H0351,H0715
H0351,H0688
H0351,H0685
H0351,H0567
H0351,H0553
H0351,H0534
H0351,H0487
H0351,H0432
H0351,H0424
H0351,H0404
H0351,H0339
H0351,H0314
H0351,H0254
H0351,H0199
H0351,H0195
H0351,H0145
H0351,H0139
H0351,H0137
H0351,H0042
H0350,H0877
H0350,H0589
H0350,H0297
H0346,H0450
H0346,H0264
H0346,H0199
H0346,H0130
H0344,H0432
H0344,H0137
H0341,H1146
H0341,H0841
H0339,H1254
H0339,H1251
H0339,H1241
H0339,H1228
H0339,H1225
H0339,H1222
H0339,H1202
H0339,H1200
H0339,H1169
H0339,H1115
H0339,H1044
H0339,H0980
H0339,H0974
H0339,H0937
H0339,H0926
H0339,H0886
H0339,H0818
H0339,H0715
H0339,H0700
H0339,H0688
H0339,H0685
H0339,H0567
H0339,H0553
H0339,H0534
H0339,H0487
H0339,H0472
H0339,H0424
H0339,H0375
H0339,H0351
H0339,H0254
H0339,H0205
H0339,H0195
H0339,H0145
H0339,H0137
H0339,H0042
H0338,H1024
H0338,H0446
H0338,H0439
H0338,H0159
H0335,H0638
H0328,H0130
H0314,H1200
H0314,H1184
H0314,H1147
H0314,H1044
H0314,H0980
H0314,H0967
H0314,H0886
H0314,H0855
H0314,H0794
H0314,H0782
H0314,H0764
H0314,H0715
H0314,H0700
H0314,H0688
H0314,H0685
H0314,H0577
H0314,H0567
H0314,H0534
H0314,H0432
H0314,H0428
H0314,H0404
H0314,H0351
H0314,H0289
H0314,H0264
H0314,H0199
H0314,H0193
H0314,H0166
H0314,H0164
H0314,H0139
H0314,H0138
H0314,H0113
H0314,H0105
H0314,H0055
H0314,H0049
H0306,H1120
H0297,H1209
H0297,H1016
H0297,H1015
H0297,H0894
H0297,H0877
H0297,H0597
H0297,H0589
H0297,H0390
H0297,H0350
H0295,H1092
H0295,H0742
H0295,H0611
H0295,H0524
H0295,H0267
H0289,H0436
H0289,H0432
H0289,H0428
H0289,H0404
H0289,H0314
H0289,H0264
H0289,H0139
H0282,H0855
H0282,H0766
H0282,H0539
H0282,H0458
H0282,H0239
H0282,H0210
H0273,H0577
H0272,H0605
H0272,H0386
H0272,H0165
H0272,H0161
H0267,H1092
H0267,H0295
H0266,H1213
H0266,H0577
H0264,H1184
H0264,H0428
H0264,H0404
H0264,H0346
H0264,H0314
H0264,H0289
H0264,H0202
H0264,H0199
H0264,H0139
H0264,H0130
H0261,H0370
H0261,H0130
H0259,H0601
H0259,H0594
H0254,H1254
H0254,H1251
H0254,H1200
H0254,H1169
H0254,H1044
H0254,H0980
H0254,H0974
H0254,H0937
H0254,H0886
H0254,H0818
H0254,H0715
H0254,H0695
H0254,H0688
H0254,H0685
H0254,H0567
H0254,H0553
H0254,H0534
H0254,H0487
H0254,H0424
H0254,H0351
H0254,H0339
H0254,H0195
H0254,H0145
H0254,H0137
H0254,H0042
H0248,H0757
H0247,H0459
H0246,H0855
H0246,H0558
H0246,H0197
H0240,H1076
H0240,H0737
H0240,H0444
H0239,H0458
H0239,H0282
H0239,H0210
H0237,H0640
H0215,H1006
H0210,H1061
H0210,H0766
H0210,H0458
H0210,H0282
H0210,H0239
H0205,H1254
H0205,H1251
H0205,H1241
H0205,H1228
H0205,H1202
H0205,H1115
H0205,H0886
H0205,H0818
H0205,H0700
H0205,H0424
H0205,H0375
H0205,H0339
H0205,H0059
H0205,H0042
H0202,H0492
H0202,H0352
H0202,H0264
H0202,H0130
H0199,H1213
H0199,H1184
H0199,H1109
H0199,H1044
H0199,H0980
H0199,H0967
H0199,H0898
H0199,H0886
H0199,H0818
H0199,H0782
H0199,H0700
H0199,H0685
H0199,H0567
H0199,H0534
H0199,H0424
H0199,H0404
H0199,H0351
H0199,H0346
H0199,H0314
H0199,H0264
H0199,H0193
H0199,H0166
H0199,H0139
H0199,H0138
H0199,H0130
H0199,H0113
H0199,H0105
H0199,H0055
H0199,H0009
H0197,H0558
H0197,H0246
H0196,H0638
H0195,H1254
H0195,H1251
H0195,H1200
H0195,H1169
H0195,H1044
H0195,H0980
H0195,H0974
H0195,H0937
H0195,H0886
H0195,H0818
H0195,H0715
H0195,H0688
H0195,H0685
H0195,H0567
H0195,H0553
H0195,H0534
H0195,H0487
H0195,H0424
H0195,H0351
H0195,H0339
H0195,H0254
H0195,H0145
H0195,H0137
H0195,H0042
H0193,H1147
H0193,H1044
H0193,H0998
H0193,H0980
H0193,H0967
H0193,H0886
H0193,H0782
H0193,H0700
H0193,H0695
H0193,H0685
H0193,H0570
H0193,H0567
H0193,H0534
H0193,H0404
H0193,H0314
H0193,H0199
H0193,H0190
H0193,H0166
H0193,H0139
H0193,H0113
H0193,H0105
H0190,H1147
H0190,H0700
H0190,H0570
H0190,H0193
H0177,H1033
H0172,H1200
H0172,H0954
H0169,H1213
H0169,H1138
H0169,H0967
H0169,H0577
H0169,H0166
H0169,H0056
H0168,H0941
H0168,H0153
H0166,H1213
H0166,H1138
H0166,H1044
H0166,H0980
H0166,H0967
H0166,H0886
H0166,H0782
H0166,H0772
H0166,H0700
H0166,H0685
H0166,H0577
H0166,H0567
H0166,H0562
H0166,H0534
H0166,H0404
H0166,H0314
H0166,H0199
H0166,H0193
H0166,H0169
H0166,H0139
H0166,H0130
H0166,H0113
H0166,H0105
H0166,H0056
H0165,H0605
H0165,H0272
H0165,H0161
H0164,H0764
H0164,H0715
H0164,H0577
H0164,H0314
H0164,H0113
H0164,H0049
H0161,H0605
H0161,H0272
H0161,H0165
H0159,H1024
H0159,H0446
H0159,H0439
H0159,H0338
H0153,H0168
H0151,H0800
H0151,H0734
H0145,H1044
H0145,H0980
H0145,H0974
H0145,H0937
H0145,H0886
H0145,H0818
H0145,H0715
H0145,H0688
H0145,H0685
H0145,H0567
H0145,H0487
H0145,H0424
H0145,H0351
H0145,H0339
H0145,H0254
H0145,H0195
H0145,H0137
H0145,H0042
H0139,H1184
H0139,H1044
H0139,H0980
H0139,H0967
H0139,H0886
H0139,H0855
H0139,H0794
H0139,H0782
H0139,H0700
H0139,H0688
H0139,H0685
H0139,H0567
H0139,H0534
H0139,H0432
H0139,H0428
H0139,H0404
H0139,H0351
H0139,H0314
H0139,H0289
H0139,H0264
H0139,H0199
H0139,H0193
H0139,H0166
H0139,H0113
H0139,H0105
H0138,H1044
H0138,H0967
H0138,H0685
H0138,H0534
H0138,H0314
H0138,H0199
H0138,H0055
H0137,H1044
H0137,H0980
H0137,H0974
H0137,H0937
H0137,H0886
H0137,H0818
H0137,H0715
H0137,H0688
H0137,H0685
H0137,H0567
H0137,H0487
H0137,H0432
H0137,H0424
H0137,H0351
H0137,H0344
H0137,H0339
H0137,H0254
H0137,H0195
H0137,H0145
H0137,H0042
H0130,H1213
H0130,H1146
H0130,H1038
H0130,H0967
H0130,H0772
H0130,H0598
H0130,H0567
H0130,H0562
H0130,H0503
H0130,H0370
H0130,H0346
H0130,H0328
H0130,H0264
H0130,H0261
H0130,H0202
H0130,H0199
H0130,H0166
H0117,H1154
H0117,H1145
H0115,H0855
H0113,H1044
H0113,H0980
H0113,H0967
H0113,H0886
H0113,H0782
H0113,H0764
H0113,H0715
H0113,H0700
H0113,H0685
H0113,H0577
H0113,H0567
H0113,H0534
H0113,H0404
H0113,H0314
H0113,H0199
H0113,H0193
H0113,H0166
H0113,H0164
H0113,H0139
H0113,H0105
H0113,H0049
H0111,H0430
H0111,H0059
H0111,H0042
H0109,H0873
H0105,H1044
H0105,H0980
H0105,H0967
H0105,H0886
H0105,H0782
H0105,H0764
H0105,H0700
H0105,H0685
H0105,H0567
H0105,H0534
H0105,H0404
H0105,H0314
H0105,H0199
H0105,H0193
H0105,H0166
H0105,H0139
H0105,H0113
H0105,H0056
H0103,H0618
H0103,H0366
H0093,H0719
H0092,H0459
H0090,H1038
H0090,H1033
H0090,H0968
H0090,H0629
H0090,H0618
H0090,H0592
H0090,H0562
H0090,H0506
H0090,H0450
H0089,H1215
H0073,H0072
H0072,H0073
H0059,H1254
H0059,H1251
H0059,H1241
H0059,H1228
H0059,H1213
H0059,H1202
H0059,H1115
H0059,H0886
H0059,H0534
H0059,H0375
H0059,H0205
H0059,H0111
H0059,H0056
H0059,H0042
H0056,H1228
H0056,H1213
H0056,H1175
H0056,H1174
H0056,H1138
H0056,H1115
H0056,H1033
H0056,H0967
H0056,H0932
H0056,H0882
H0056,H0764
H0056,H0577
H0056,H0570
H0056,H0562
H0056,H0534
H0056,H0495
H0056,H0169
H0056,H0166
H0056,H0105
H0056,H0059
H0056,H0049
H0055,H1044
H0055,H0967
H0055,H0685
H0055,H0534
H0055,H0314
H0055,H0199
H0055,H0138
H0049,H1228
H0049,H1200
H0049,H1147
H0049,H1115
H0049,H0764
H0049,H0715
H0049,H0577
H0049,H0314
H0049,H0164
H0049,H0113
H0049,H0056
H0042,H1254
H0042,H1251
H0042,H1241
H0042,H1228
H0042,H1202
H0042,H1115
H0042,H1044
H0042,H0980
H0042,H0974
H0042,H0937
H0042,H0886
H0042,H0818
H0042,H0715
H0042,H0695
H0042,H0688
H0042,H0685
H0042,H0682
H0042,H0567
H0042,H0487
H0042,H0424
H0042,H0375
H0042,H0351
H0042,H0339
H0042,H0254
H0042,H0205
H0042,H0195
H0042,H0145
H0042,H0137
H0042,H0111
H0042,H0059
H0032,H0892
H0032,H0761
H0032,H0598
H0028,H1022
H0010,H0634
H0009,H1213
H0009,H0199
H0003,H0955
H0003,H0762
