herb ,efficacy
H0763,Water utilization
H0763,Dampness  
H0763,Reduce swelling 
H0763,Yellowing 
H0424,Cool blood  
H0424,Dampness  
H0424,Purging fire 
H0424,Clear heat 
H0424,Detoxify 
H0424,Get rid of trouble
H0581,Nourish the liver 
H0581,Fixed tire 
H0581,Eyesight 
H0581,Stop leaking 
H0581,Yijing 
H0581,Tonifying the kidney 
H1110,Run intestines
H1110,Laxative
H1110,Nourish the lungs
H1110,Resolve phlegm 
H0570,Strengthen the spleen
H0570,Water utilization
H0570,And stomach
H0570,Ning Xin
H0570,Soothe the nerves 
H0570,Wetting 
H0964,Diuretic
H0964,Purging fire 
H0964,Pure heart 
H0511,Analgesic
H0511,Reduce swelling 
H0511,Remove blood stasis 
H0511,Blood run 
H0998,Water utilization
H0998,Reduce swelling 
H0998,Clear heat 
H0259,Solid essence 
H0259,Sore 
H0259,Cough  
H0259,Hemostasis 
H0259,Astringent intestines 
H0894,Strong bones 
H0894,Stop bleeding  
H0894,Nourish the liver 
H0894,Tonifying the kidney 
H0894,Tune blood  
H0589,Breast milk 
H0589,Diuretic
H0589,Invigorate blood 
H0589,Eliminate carbuncle 
H0589,Tonglin
H0589,Pass through 
H0009,Dampness  
H0009,Sanyu
H0009,Analgesic
H0009,Clear heat 
H1090,Dispel cold  
H1090,Analgesic
H1090,Dispel the wind  
H1090,Shengshi 
H0831,Diuretic
H0831,Wetting 
H0390,Fetus 
H0390,Strong bones 
H0390,Rheumatism 
H0390,Nourish the liver 
H0390,Tonifying the kidney 
H1254,Fetus 
H1254,Hemostasis 
H1254,Purging fire 
H1254,Clear heat 
H1254,Dampness 
H1254,Detoxify 
H0396,Heat dissipation 
H0396,Eyesight 
H0396,Moisturize  
H0396,Liver cleansing 
H0396,Cleans the lungs 
H0396,Soothing wind 
H0172,Diuretic
H0172,Anti-vomiting 
H0172,Clear heat 
H0172,Shengjin 
H0172,Rash 
H0172,Get rid of trouble
H0033,Lead lag 
H0033,Digestion 
H0164,Diuretic
H0164,Huayu 
H0164,Clear heat 
H0164,Detoxify 
H0109,Insecticide 
H0109,Analgesic
H0109,Qi 
H0631,Nourish yin 
H0631,Clear the fire 
H0631,Shengjin 
H0631,Invigorate
H0295,Dispel cold  
H0295,Warm the kidney  
H0295,Analgesic
H0295,Wenzhong  
H0295,Qi 
H1006,Dehumidification 
H1006,Appetizer 
H1006,Anti-vomiting 
H1006,Digestion 
H1006,Wenzhong  
H1006,Qi 
H0168,Soothe the nerves 
H0168,Yiqi 
H0168,Fill the heart 
H0168,Nourish the spleen  
H0168,Tonic 
Tong Lv,To rot 
Tong Lv,Eyesight 
Tong Lv,Insecticide 
Tong Lv,Antipruritic
Tong Lv,Spitting out 
Tong Lv,Detoxify 
Tong Lv,Retreat 
H1174,Water utilization
H1174,Invigorate blood 
H1174,Dispel the wind  
H1174,Detoxify 
H0503,Analgesic
H0503,Invigorate blood 
H0503,Dampness 
H0503,Dispel the wind  
H0503,Shujin 
H0503,Tongluo 
Duan Jin Meng Shi,Get angry  
Duan Jin Meng Shi,Phlegm 
Duan Jin Meng Shi,Pinggan 
Duan Jin Meng Shi,Attack product 
Duan Jin Meng Shi,Digestion 
Duan Jin Meng Shi,Stun
H0458,Clear heat 
H0458,Nourish yin 
H0458,Shengjin 
H0458,Benefit stomach 
H0742,Asthma 
H0742,Anti-vomiting 
H0742,Analgesic
H0742,Wenzhong  
H0742,Nai Qi 
H0742,Qi 
He Huan Pi,Soothe the nerves 
He Huan Pi,Invigorate blood 
He Huan Pi,Reduce swelling 
He Huan Pi,Depression 
H0105,Eliminate carbuncle 
H0105,Reduce swelling 
H0105,Clear heat 
H0105,Detoxify 
Sheng Shan Zha,Lag 
Sheng Shan Zha,Huayu 
Sheng Shan Zha,Depletion 
Sheng Shan Zha,Digestion 
Mu Ze Cao,Dissipate wind heat 
Mu Ze Cao,Retreat 
H0059,Clear heat 
H0059,Dampness 
H0059,Dispel the wind  
H0059,Detoxify 
H1105,Li Qi 
H1105,Resolve phlegm 
H1105,Wide chest 
H1105,Cleans the lungs 
H0632,Break up 
H0632,Eyesight 
H0632,Reduce swelling 
H0632,Clear the fire 
Jin Yin Hua Tan,Dissipate wind heat 
Jin Yin Hua Tan,Clear heat 
Jin Yin Hua Tan,Detoxify 
H0239,Nourish yin 
H0239,Cleans the lungs 
H0239,Shengjin 
H0239,Benefit stomach 
Ta Gan,Nourish yin 
Ta Gan,Cough  
Ta Gan,Hemostasis 
Ta Gan,Heat removal   
H0687,Sanyu
H0687,Analgesic
H0687,Invigorate blood 
H0687,Li Qi 
Xiong Hei Dou,Strengthen the spleen
Xiong Hei Dou,Water utilization
Xiong Hei Dou,Invigorate blood 
Xiong Hei Dou,Tonifying the kidney 
Xiong Hei Dou,Dispel the wind  
Xiong Hei Dou,Detoxify 
Chao Cao Guo,Cut malaria 
Chao Cao Guo,Wenzhong  
Chao Cao Guo,Dampness 
Chao Cao Guo,Expectorant  
H0266,Sanyu
H0266,Invigorate blood 
H0266,Clear heat 
Zhi Wu Zhu Yu,Get angry  
Zhi Wu Zhu Yu,Dispel cold  
Zhi Wu Zhu Yu,Analgesic
Zhi Wu Zhu Yu,Wenzhong  
Zhi Wu Zhu Yu,Dampness 
Zhi Wu Zhu Yu,Soothing the liver 
Duan Hua Rui shi,Huayu 
Duan Hua Rui shi,Hemostasis 
H0934,Break up 
H0934,Diarrhea 
H0934,Reduce swelling 
H0934,Drink by drink 
H0949,Nourish blood 
H0949,Cool blood  
H0949,Soothe the nerves 
H0949,Analgesic
H0949,Invigorate blood 
H0949,Eliminate carbuncle 
H0949,Remove blood stasis 
H0949,Menstruation
Wei Gen,Anti-vomiting 
Wei Gen,Clear heat 
Wei Gen,Shengjin 
Wei Gen,Get rid of trouble
H0548,Shengjin 
H0548,Quench thirst 
H0954,Diuretic
H0954,Clear heat 
H0954,Get rid of trouble
Yang Ru Gen,Cool blood  
Yang Ru Gen,Hemostasis 
Yang Ru Gen,Purge 
Yang Ru Gen,Detoxify 
Yang Ru Gen,Insecticide 
H1147,Water utilization
H1147,Clear heat 
H1147,Detoxify 
H1147,Tonglin
H0924,Get angry  
H0924,Kanaka 
H0924,Reduce swelling 
H0924,Gyozui 
Duan E Guan Shi,Impotence  
Duan E Guan Shi,Warm the lungs 
Duan E Guan Shi,Breastfeeding 
Wu Mei Tan,An round 
Wu Mei Tan,Constrict the lungs 
Wu Mei Tan,Astringent intestines 
Wu Mei Tan,Shengjin 
Chong Wei Zi,Eyesight 
Chong Wei Zi,Invigorate blood 
Chong Wei Zi,Liver cleansing 
Chong Wei Zi,Menstruation
H1245,Phlegm 
H1245,Stop cough 
H1245,Diarrhea 
H1245,Lower breath 
H0729,Clear heat 
H0729,Detoxify 
Tian Xing Ren,Run intestines
Tian Xing Ren,Laxative
Tian Xing Ren,Nourish the lungs
Tian Xing Ren,Cough  
Tian Xing Ren,Asthma 
H0067,Solid essence 
H0067,Stop band 
H0067,Astringent intestines 
H0067,Urinary contraction 
H0378,Pain relief 
H0378,Scatter blood 
H0378,Hemostasis 
H0709,Robbery 
H0709,Cut malaria 
Mai Ya Qu,Strengthen the spleen
Mai Ya Qu,Appetizer 
Mai Ya Qu,Swelling  
Mai Ya Qu,Digestion 
Mai Ya Qu,Qi 
Mai Ya Qu,Breastfeeding 
H1076,Cough  
H1076,Analgesic
H1076,Purging fire 
H1076,Nourish the lungs
H1076,Yiqi 
H1076,Urgency 
H1076,Make up
H1076,Detoxify 
H1076,Reconcile all medicines
H0967,Dampness  
H0967,Yellowing 
H0967,Invigorate blood 
H0967,Reduce swelling 
H0967,Clear heat 
H0967,Detoxify 
DAN DOU CHI,Publish 
DAN DOU CHI,Xuan Yu 
DAN DOU CHI,Untie muscles 
DAN DOU CHI,Get rid of trouble
Hai Fu Shi,Resolve phlegm 
Hai Fu Shi,Break up 
Hai Fu Shi,Cleans the lungs 
Hai Fu Shi,Soft 
H1044,Cool blood  
H1044,Dampness  
H1044,Hemostasis 
H1044,Reduce swelling 
H1044,Clear heat 
H1044,Detoxify 
Lu Dou Yi,Water utilization
Lu Dou Yi,Cool off  
Lu Dou Yi,Clear heat 
Lu Dou Yi,Detoxify 
Lu Dou Yi,Retreat 
H0107,Nourish the heart 
H0107,Soothe the nerves 
H0107,Hold sweat 
H0107,Run intestines
H0107,Laxative
Ce Bo,Ufa 
Ce Bo,Cool blood  
Ce Bo,Hemostasis 
Ce Bo,Germination 
H0436,Heat dissipation 
H0436,Clear leader 
H0436,Soothing wind 
H0436,Rash 
H0130,Insecticide 
H0130,Analgesic
H0130,Invigorate blood 
H0130,Reduce swelling 
H0130,Rheumatism 
H0130,Detoxify 
H0130,Tongluo 
H1009,Dispel cold  
H1009,Analgesic
H1009,Dispel the wind  
H1009,Shengshi 
Chao Wu Ling Zhi,Huayu 
Chao Wu Ling Zhi,Analgesic
Chao Wu Ling Zhi,Hemostasis 
Chao Wu Ling Zhi,Invigorate blood 
Chao Wu Ling Zhi,Depletion 
Chao Wu Ling Zhi,Detoxify 
H0594,Astringent 
H0594,Hold sweat 
H0594,Sore 
H0594,Constrict the lungs 
H0594,Antidiarrheal 
H0594,Hemostasis 
H0594,Astringent intestines 
H0594,Reduce fire 
H0744,Raise Yang Qi 
H0744,Soothing the liver 
H0744,Solution table 
H0744,Depression 
H0744,Fever 
Jiao Zhi Zi,Cool blood  
Jiao Zhi Zi,Dampness  
Jiao Zhi Zi,Purging fire 
Jiao Zhi Zi,Clear heat 
Jiao Zhi Zi,Detoxify 
Jiao Zhi Zi,Get rid of trouble
Gan Jiang,Kaoru  
Gan Jiang,Huiyang 
Gan Jiang,Dispel cold  
Gan Jiang,Wenzhong  
Gan Jiang,Warm the lungs 
Gan Jiang,Tongmai
H0437,Resuscitate 
H0437,Sanyu
H0437,Pi Hui
H0437,Tongqiao 
H0176,Help Yang 
H0176,convergence 
H0176,Hemostasis 
H0176,Warm the kidney 
Jiu Cai Zi,Solid essence 
Jiu Cai Zi,Impotence  
Jiu Cai Zi,Nourish the liver 
Jiu Cai Zi,Tonifying the kidney 
Qian Cao,Cool blood  
Qian Cao,Huayu 
Qian Cao,Hemostasis 
Qian Cao,Invigorate blood 
H1217,Resolve phlegm 
H1217,Appetizer 
H1217,Shengjin 
H1217,Soothing the liver 
H1217,Depression 
H0916,Insecticide 
H0916,Digestion 
H0916,Wenzhong  
H0916,Dehumidification
H0907,Solid essence 
H0907,convergence 
H0907,Hemostasis 
H0907,Urinary contraction 
H1200,Cool blood  
H1200,Diuretic
H1200,Hemostasis 
H1200,Clear heat 
H1200,Shengjin 
H1200,Tonglin
Man Jing Zi Tan,Heat dissipation 
Man Jing Zi Tan,Clear leader 
Man Jing Zi Tan,Soothing wind 
H1056,Solid essence 
H1056,Eyesight 
H1056,Tonifying the kidney 
H1056,Urinary contraction 
H1056,Nourish the liver 
H1164,Dehumidification 
H1164,Clear heat 
H1164,Li Qi 
H1164,Relieve heat 
H0088,Break up 
H0088,Analgesic
H0088,Li Qi 
H0205,Purging fire 
H0205,Clear heat 
H0205,Dampness 
H0205,Detoxify 
E JIAO,Hemostasis 
E JIAO,Moisturize  
E JIAO,Nourish yin 
E JIAO,Tonic 
H0664,Cool blood  
H0664,Hemostasis 
H0664,Reduce swelling 
H0664,Remove blood stasis 
Tian Kui Zi,Water utilization
Tian Kui Zi,Break up 
Tian Kui Zi,Reduce swelling 
Tian Kui Zi,Clear heat 
Tian Kui Zi,Detoxify 
Tian Kui Zi,Tonglin
H0757,Constrict the lungs 
H0757,Analgesic
H0757,Astringent intestines 
Dang Gui Wei,Analgesic
Dang Gui Wei,Invigorate blood 
Dang Gui Wei,Moisturize  
Dang Gui Wei,Slippery bowel 
Dang Gui Wei,Tonic 
Dang Gui Wei,Menstruation
Dang Gui Wei,Tongluo 
H0647,Dampness  
H0647,sweat
H0647,Wanaka 
H0647,Solution table 
H0446,Resolve phlegm 
H0446,Dispel cold  
H0446,Anti-vomiting 
H0446,Cough  
H0446,Solution table 
H0446,Inverse reduction 
H0778,Consignment 
H0778,Pus
H0778,Insecticide 
H0778,disinfect 
Mu Dan Pi Tan,Cool blood  
Mu Dan Pi Tan,Huayu 
Mu Dan Pi Tan,Invigorate blood 
Mu Dan Pi Tan,Clear heat 
Zong Lv Tan,convergence 
Zong Lv Tan,Hemostasis 
H0636,Impotence  
H0636,Warm the kidney 
H0636,Dispel cold 
H0636,Dehumidification
H0316,Diuretic
H0316,Hemostasis 
H0316,Remove blood stasis 
H0419,Lag 
H0419,Huayu 
H0419,Chemical product 
H0419,Digestion 
Pao Jiang,Antidiarrheal 
Pao Jiang,Hemostasis 
Pao Jiang,Wenjing 
Pao Jiang,Warm the spleen 
H0764,Diuretic
H0764,Pus
H0764,Eliminate carbuncle 
H0764,Clear heat 
H0764,Detoxify 
H0764,Tonglin
H0990,Help Yang 
H0990,Wenzhong  
H0990,Warm the kidney 
H0990,Inverse reduction 
San Na,Analgesic
San Na,Digestion 
San Na,Wenzhong  
San Na,Qi 
San Na,Dehumidification
H0490,nausea 
H0490,Hematuria 
H0490,Treat blood in the stool 
H0490,Diabetes 
H0490,Chancre 
H0490,Carbuncle 
H0490,Blood collapse 
Pian Jiang Huang,Analgesic
Pian Jiang Huang,Broken blood  
Pian Jiang Huang,Qi 
Pian Jiang Huang,Pass through 
Ken Shin Kyoku,Strengthen the spleen
Ken Shin Kyoku,Dehumidification 
Ken Shin Kyoku,Digestion 
Ken Shin Kyoku,Li Qi 
Ken Shin Kyoku,Solution table 
Jian Can Yong,Liyan 
Jian Can Yong,Resolve phlegm 
Jian Can Yong,Break up 
Jian Can Yong,Antispasmodic 
Jian Can Yong,Dispel the wind  
Jian Can Yong,Detoxify 
Sha Ren Ke,Dehumidification 
Sha Ren Ke,Fetus 
Sha Ren Ke,Kanaka 
Sha Ren Ke,Appetizer 
Sha Ren Ke,Antidiarrheal 
Sha Ren Ke,Warm the spleen 
Sha Ren Ke,Qi 
H0955,Analgesic
H0955,Invigorate blood 
H0955,Moisturize  
H0955,Slippery bowel 
H0955,Tonic 
H0955,Menstruation
H0980,Cool blood  
H0980,Sore 
H0980,Hemostasis 
H0980,Reduce swelling 
H0980,Clear heat 
H0980,Detoxify 
H0375,Purging fire 
H0375,Clear heat 
H0375,Dampness 
H0375,Detoxify 
Shu Mi,And stomach
Shu Mi,Soothe the nerves 
Shu Mi,Sore 
Shu Mi,Dispel the wind  
Shu Mi,Detoxify 
Shu Mi,Dehumidification
Ba Yue Zhe,Diuretic
Ba Yue Zhe,Analgesic
Ba Yue Zhe,Invigorate blood 
Ba Yue Zhe,Li Qi 
Ba Yue Zhe,Shugan 
Ba Yue Zhe,Get rid of trouble
H0592,Analgesic
H0592,Dispel the wind  
H0592,Tongluo 
H0592,Dehumidification
H0330,Solid essence 
H0330,Stop band 
H0330,Antidiarrheal 
H0330,Tonifying the kidney 
H0330,Dampness
H0330,Nourish the spleen  
H0432,Liyan 
H0432,Break up 
H0432,Eliminate blood stasis 
H0432,Clear heat 
H0432,Expectorant  
H0432,Detoxify 
H0605,Solid 
H0605,Ning Xin
H0605,Soothe the nerves 
H0605,convergence 
H0605,Shengjin 
H0605,Yiqi 
H0138,Dampness  
H0138,Reduce swelling 
H0138,Clear heat 
H0138,Tonglin
Ji Chang,Diuretic
Ji Chang,Stop
H0090,Pus
H0090,Analgesic
H0090,Reduce swelling 
H0090,Dispel the wind  
H0090,Tongqiao 
H0090,Dehumidification
H1019,Cough  
H1019,Nasal orifice 
H0686,Anti-vomiting 
H0686,Eliminate phlegm 
H0686,Gyozui 
H0686,Lower breath 
H0196,Resolve phlegm 
H0196,Asthma 
H0196,Cough  
H0196,Cleans the lungs 
Ai Ye Tan ,Dispel cold  
Ai Ye Tan ,Analgesic
Ai Ye Tan ,Hemostasis 
Ai Ye Tan ,Wenjing 
Duan Ha Fen ,Dingchuan 
Duan Ha Fen ,Stop cough 
Duan Ha Fen ,Tonifying the kidney 
Duan Ha Fen ,Nourish the lungs 
Tu Bai Zhu,Strengthen the spleen
Tu Bai Zhu,Water utilization
Tu Bai Zhu,Fetus 
Tu Bai Zhu,Antiperspirant
Tu Bai Zhu,Dampness 
Tu Bai Zhu,Yiqi 
Jin Qian Bai Hua She,Surely shocked 
Jin Qian Bai Hua She,Antispasmodic 
Jin Qian Bai Hua She,Dispel the wind  
Jin Qian Bai Hua She,Tongluo 
Sheng Chuan Wu,Dispel cold  
Sheng Chuan Wu,Analgesic
Sheng Chuan Wu,Wenjing 
Sheng Chuan Wu,Dispel the wind  
Sheng Chuan Wu,Dehumidification
H0855,Resolve phlegm 
H0855,Break up 
H0855,Cough  
H0855,Reduce swelling 
H0855,Nourish the lungs
H0855,Clear heat 
H0456,Help Yang 
H0456,Asthma 
H0456,Antidiarrheal 
H0456,Warm the spleen 
H0456,Nai Qi 
H0456,Tonifying the kidney 
H0598,Huayu 
H0598,Analgesic
H0598,Hemostasis 
H0598,Invigorate blood 
H0598,Depletion 
H0598,Detoxify 
H0574,Strengthen the spleen
H0574,Wenzhong  
H0574,Dampness 
H0574,Qi 
H0784,Cool blood  
H0784,Invigorate blood 
H0784,Clear heat 
H0784,Remove blood stasis 
Zhu Fu Ling,Strengthen the spleen
Zhu Fu Ling,Water utilization
Zhu Fu Ling,And stomach
Zhu Fu Ling,Ning Xin
Zhu Fu Ling,Soothe the nerves 
Zhu Fu Ling,Wetting 
H0004,Dehumidification 
H0004,And stomach
H0004,Heat up 
H0004,Solution table 
H0379,Diuretic
H0379,Insecticide 
H0379,Antipruritic
H0379,Tonglin
H0834,Strengthen the spleen
H0834,Water utilization
H0834,Eyesight 
H0834,Liver cleansing 
H0834,Nourish the kidney 
Hong Tang,Huayu 
Hong Tang,And blood 
Hong Tang,Soothe the liver
Hong Tang,Make up
Hong Tang,Menstruation
YI MU CAO,Diuretic
YI MU CAO,Invigorate blood 
YI MU CAO,Reduce swelling 
YI MU CAO,Menstruation
H0197,Water utilization
H0197,sweat
H0197,Xuanfei
H0197,Asthma 
H0197,Dispel cold  
H0197,Reduce swelling 
H0021,Nourish blood 
H0021,Heying 
H0021,Pinggan 
H0021,Yin 
H0021,Analgesic
H0021,Urgency 
H0685,Cool blood  
H0685,Dampness  
H0685,Hemostasis 
H0685,Reduce swelling 
H0685,Clear heat 
H0685,Detoxify 
H0651,Resolve phlegm 
H0651,Wide chest 
H0651,Li Qi 
H0651,Inverse reduction 
H0108,Insecticide 
H0108,Treatment of ringworm 
Zhi Da Huang ,Cool blood  
Zhi Da Huang ,Attack and accumulation 
Zhi Da Huang ,Purging fire 
Zhi Da Huang ,Damp heat 
Zhi Da Huang ,Remove blood stasis 
Zhi Da Huang ,Detoxify 
Bai Ying,Reduce swelling 
Bai Ying,Clear heat 
Bai Ying,Detoxify 
H0562,Sanyu
H0562,Relieve eye pain 
H0562,Invigorate blood 
H0562,Reduce swelling 
H0562,Dispel the wind  
H0562,Shujin 
H0562,Detoxify 
H0562,Dehumidification
Bai Cao Shuang,Hemostasis 
Bai Cao Shuang,Depletion 
Bai Cao Shuang,Clear heat 
Bai Cao Shuang,Detoxify 
H0359,Strengthen the spleen
H0359,Dehumidification 
H0359,Wanaka 
H0359,Cool off  
Hai Ma,Impotence  
Hai Ma,Break up 
Hai Ma,Reduce swelling 
Hai Ma,Tonifying the kidney 
H1138,Pus
H1138,Invigorate blood 
H1138,Clear heat 
H1138,Detoxify 
H0948,Resolve phlegm 
H0948,Surely shocked 
H0948,Clear the fire 
H0948,Extinguish the wind 
Gan Chan Pi,Water utilization
Gan Chan Pi,Swelling  
Gan Chan Pi,Clear heat 
Gan Chan Pi,Detoxify 
H1139,Help Yang 
H1139,Gas 
H1139,sweat
H1139,Wenjing 
H1139,Untie muscles 
H1139,Tongmai
H0968,Analgesic
H0968,Dispel the wind  
H0968,Qi 
H0968,Dehumidification
Sheng Huang Qi,Diuretic
Sheng Huang Qi,Solid watch 
Sheng Huang Qi,Consignment 
Sheng Huang Qi,Sore 
Sheng Huang Qi,Antiperspirant
Sheng Huang Qi,Invigorate
H1015,Fetus 
H1015,Strong bones 
H1015,Nourish the liver 
H1015,Tonifying the kidney 
H0270,Liyan 
H0270,And stomach
H0270,Sore 
H0270,Nourish the lungs
H0270,Muscle growth
H0270,Soothing the liver 
Duan Zi Shiying,Soothe the nerves 
Duan Zi Shiying,Warm palace 
Duan Zi Shiying,Zhenxin 
Duan Zi Shiying,Inverse reduction 
H0166,Invigorate blood 
H0166,Reduce swelling 
H0166,Clear heat 
H0166,Detoxify 
H0258,Cool blood  
H0258,Hemostasis 
H0258,Nourish the liver 
H0258,Tonifying the kidney 
Hong Fen,Detoxification 
Hong Fen,Purulent 
Hong Fen,Insecticide 
Hong Fen,Dampness 
Hong Fen,Muscle growth
Hong Fen,Rot 
H1061,Nourish yin 
H1061,Soothe the nerves 
H1061,Nourish the lungs
H1061,Pure heart 
Niu Bang,Liyan 
Niu Bang,Xuanfei
Niu Bang,Heat dissipation 
Niu Bang,Break up 
Niu Bang,Reduce swelling 
Niu Bang,Soothing wind 
Niu Bang,Detoxify 
Niu Bang,Rash 
H0963,Dampness  
H0963,Invigorate blood 
H0963,Clear heat 
H0963,Solution table 
H0161,Solid 
H0161,Soothe the nerves 
H0161,Pinggan 
H0161,convergence 
H0161,Qianyang 
H0161,Stun
Mu Jin Pi,Dampness  
Mu Jin Pi,Insecticide 
Mu Jin Pi,Antipruritic
Mu Jin Pi,Clear heat 
H1175,Water utilization
H1175,Invigorate blood 
H1175,Dispel the wind  
H1175,Detoxify 
Jing Jie Sui Tan,Astringent 
Jing Jie Sui Tan,Hemostasis 
H0370,Analgesic
H0370,Invigorate blood 
H0370,Reduce swelling 
H0370,Muscle growth
H1066,Clear heat 
H1066,Heat up 
Liu Yue Xue,Dampness  
Liu Yue Xue,Clear heat 
Liu Yue Xue,Dispel the wind  
Liu Yue Xue,Detoxify 
Jiao Shan Zha,Lag 
Jiao Shan Zha,Huayu 
Jiao Shan Zha,Chemical product 
Jiao Shan Zha,Digestion 
Gui Jia Jiao,Nourish blood 
Gui Jia Jiao,Hemostasis 
Gui Jia Jiao,Nourish yin 
H0831,Li Qiao 
H0831,Surely shocked 
H0831,Clear heat 
H0831,Phlegm 
H0103,Dispel cold  
H0103,Analgesic
H0103,Hemostasis 
H0103,Wenjing 
H0134,Break up 
H0134,Analgesic
H0134,Dispel cold 
H0134,Qi 
Zi Nao Sha,Depletion 
Zi Nao Sha,Break blood stasis 
Zi Nao Sha,Corrosion 
Zi Nao Sha,Soft 
H1030,Antipruritic
H1030,Analgesic
H1030,Dispel the wind  
H1030,Shengshi 
H1030,Antispasmodic 
H1030,Solution table 
H0932,Invigorate blood 
H0932,Dispel the wind  
H0932,Detoxify 
H0623,Cool blood  
H0623,Open knot 
H0623,Dissipate 
H0623,Invigorate blood 
H0623,Remove blood stasis 
H0623,Detoxify 
Huang Jiu,Invigorate blood 
Huang Jiu,benefit  
Huang Jiu,Tongluo 
Huang Jiu,Dehumidification
H0053,Clear heat 
H0053,Detoxify 
Duan Han Shui Shi,Li Qiao 
Duan Han Shui Shi,Reduce swelling 
Duan Han Shui Shi,Clear heat 
Duan Han Shui Shi,Reduce fire 
H0127,Hemostasis 
H0127,Treat traumatic bleeding 
H0127,Anti-inflammatory
H0127,Reduce swelling 
H0179,Strong bones 
H0179,Hemostasis 
H0179,Rheumatism 
Ci Zhu Wan,Soothe the nerves 
Ci Zhu Wan,Lead lag 
Ci Zhu Wan,Digestion 
Ci Zhu Wan,Important town 
Chao Bai Shao,Nourish blood 
Chao Bai Shao,Heying 
Chao Bai Shao,Pinggan 
Chao Bai Shao,Yin 
Chao Bai Shao,Analgesic
Chao Bai Shao,Urgency 
Jiao Gu Ya,Strengthen the spleen
Jiao Gu Ya,Wanaka 
Jiao Gu Ya,Appetizer 
Jiao Gu Ya,Digestion 
H0750,Asthma 
H0750,Constrict the lungs 
H0750,Analgesic
H0750,Invigorate blood 
Cha,Nourish the stomach
Cha,Nourish blood 
Cha,Dispel cold  
Cha,Yiqi 
H0031,Antidiarrheal 
H0031,Hemostasis 
H0031,Wenjing 
H0031,Warm the spleen 
Bian Dou Hua,Dehumidification 
Bian Dou Hua,Wanaka 
Bian Dou Hua,Qingshu 
H0650,Qingshu 
H0650,Soothing the liver 
H0650,Solution table 
H0650,Depression 
H0650,Fever 
Fu Long Gan,Anti-vomiting 
Fu Long Gan,Antidiarrheal 
Fu Long Gan,Hemostasis 
Fu Long Gan,Wenzhong  
H0323,Resolve phlegm 
H0323,Dissipate wind heat 
H0323,Lower breath 
Zhi Gui Jia,Break up 
Zhi Gui Jia,Clear heat 
Zhi Gui Jia,Nourish yin 
Zhi Gui Jia,Qianyang 
Zhi Gui Jia,Extinguish the wind 
Zhi Gui Jia,Soft 
H0246,Water utilization
H0246,sweat
H0246,Xuanfei
H0246,Asthma 
H0246,Dispel cold  
H0246,Cough  
H0246,Reduce swelling 
H0246,Nourish the lungs
H0408,Cut malaria 
H0408,Insecticide 
H0408,Depletion 
H0408,Gyozui 
H0408,Lower breath 
H0688,Cool blood  
H0688,Break up 
H0688,Clear heat 
H0688,Nourish yin 
H0688,Detoxify 
H0688,Reduce fire 
H0336,Dampness  
H0336,Clear deficiency and heat 
H0336,Rheumatism 
H0336,Shujin 
H0336,Yellowing 
H0336,Tongluo 
H0902,Astringent 
H0902,Stop band 
H0902,Antidiarrheal 
H0902,Hemostasis 
H0902,Clear heat 
H0902,Dampness 
H0973,Cool blood  
H0973,Clear heat 
H0973,Nourish yin 
H0973,Tonic 
Zhu Sha,Soothe the nerves 
Zhu Sha,Eyesight 
Zhu Sha,Clear heat 
Zhu Sha,Detoxify 
Zhu Sha,Zhenxin 
Hong Cha,Nourish the stomach
Hong Cha,Nourish blood 
Hong Cha,Dispel cold  
Hong Cha,Yiqi 
Xie Wei,Challenge 
Xie Wei,Break up 
Xie Wei,Antispasmodic 
Xie Wei,Analgesic
Xie Wei,Dispel the wind  
Xie Wei,Tongluo 
Lian Zi Rou,Nourish the heart 
Lian Zi Rou,Solid essence 
Lian Zi Rou,Soothe the nerves 
Lian Zi Rou,Antidiarrheal 
Lian Zi Rou,Tonifying the kidney 
Lian Zi Rou,Nourish the spleen  
HOU PO HUA,Dehumidification 
HOU PO HUA,Li Qi 
H1099,Surely shocked 
H1099,Pinggan 
H1099,Clear heat 
H1099,Extinguish the wind 
H0628,Sharp joints
H0628,Rheumatism 
H0628,Detoxify 
H0237,And blood 
H0237,Li Qi 
H0237,Depression 
H0237,Menstruation
Feng Jia Hua,Asthma 
Feng Jia Hua,Cough  
Feng Jia Hua,Analgesic
Feng Jia Hua,anesthesia
H0532,Challenge 
H0532,Sore 
H0532,Insecticide 
H0532,Hemostasis 
H0532,Reduce swelling 
H0532,Rot 
H0202,Break up 
H0202,Analgesic
H0202,Reduce swelling 
H0202,Tongluo 
H0459,Pinggan 
H0459,Eyesight 
H0459,Clear heat 
H0459,Retreat 
H0112,Get angry  
H0112,Asthma 
H0112,Kaibi 
H0112,Cough  
H0112,Run intestines
H0112,Expectorant  
Gong Lao Ye,Nourish yin 
Gong Lao Ye,Pinggan 
Gong Lao Ye,Clear heat 
Gong Lao Ye,Tonifying the kidney 
H0937,Cool blood  
H0937,Anti-spot 
H0937,Clear heat 
H0937,Detoxify 
H0289,Liyan 
H0289,Xuanfei
H0289,Heat dissipation 
H0289,Break up 
H0289,Reduce swelling 
H0289,Soothing wind 
H0289,Detoxify 
H0289,Rash 
Xian Bo He,Dissipate wind heat  
Xian Bo He,Clear leader 
Xian Bo He,Rash 
H0393,Moisturize  
H0393,Extinguish the wind 
H0393,Tonifying the kidney 
H0393,Nourish the liver 
H0106,Disperse the wind 
H0106,Clear leader 
H0106,Clear heat 
H0106,Quench thirst  
H0106,Get rid of trouble
Zi Cao,Cool blood  
Zi Cao,Invigorate blood 
Zi Cao,Detoxify 
Zi Cao,Rash 
Ye Pu Tao Teng,Insecticide 
Ye Pu Tao Teng,Analgesic
Ye Pu Tao Teng,Invigorate blood 
Ye Pu Tao Teng,Eliminate carbuncle 
Ye Pu Tao Teng,Dispel the wind  
Ye Pu Tao Teng,Detoxify 
Ye Pu Tao Teng,Dehumidification
Zhi He Shou Wu,Nourish blood 
Zhi He Shou Wu,Cut malaria 
Zhi He Shou Wu,Run intestines
Zhi He Shou Wu,Nourish yin 
Zhi He Shou Wu,Dispel the wind  
Zhi He Shou Wu,Detoxify 
Zhi He Shou Wu,Laxative
Duan Zhi Ran Tong,Sekkotsuin 
Duan Zhi Ran Tong,Sanyu
Duan Zhi Ran Tong,Analgesic
Duan Zhi Ran Tong,Susuji 
H1109,Dampness  
H1109,Clear heat 
H1109,Detoxify 
Chao Lai Fu Zi,Resolve phlegm 
Chao Lai Fu Zi,Lead lag 
Chao Lai Fu Zi,Digestion 
Chao Lai Fu Zi,Lower breath 
H0734,Water utilization
H0734,convergence 
H0734,Eyesight 
H0734,Antidiarrheal 
H0734,Depletion 
H0734,Liver cleansing 
H0734,Detoxify 
H0113,Diuretic
H0113,Reduce swelling 
H0113,Clear heat 
H0113,Detoxify 
DUAN CI SHI,Soothe the nerves 
DUAN CI SHI,Asthma 
DUAN CI SHI,Pinggan 
DUAN CI SHI,Eyesight 
DUAN CI SHI,Qianyang 
DUAN CI SHI,Nai Qi 
DUAN CI SHI,Clever 
DUAN CI SHI,Stun
H0450,Libi 
H0450,Dehumidification 
H0450,Resolve phlegm 
H0450,Resuscitate 
H0450,Analgesic
H0450,Reduce swelling 
H0450,Dispel the wind  
H0450,Qi 
H0422,Lag 
H0422,Huayu 
H0422,Chemical product 
H0422,Digestion 
H1062,Help Yang 
H1062,Huiyang 
H1062,Rescue 
H1062,Dispel cold  
H1062,Fill the fire 
H1062,Dehumidification
H0248,Constrict the lungs 
H0248,Analgesic
H0248,Astringent intestines 
Yin Qi Shi,Warm the kidney 
Yin Qi Shi,Tonic
H0355,Cool liver 
H0355,Resuscitate 
H0355,Pure heart 
H0355,Clear heat 
H0355,Detoxify 
H0355,Phlegm 
Ku Fan,Insecticide 
Ku Fan,Antidiarrheal 
Ku Fan,Hemostasis 
Ku Fan,Dampness 
Ku Fan,Expectorant  
Ku Fan,Detoxify 
Liu Yi San,Dampness  
Liu Yi San,Heat up 
Zhi Xiang Fu,Fetus 
Zhi Xiang Fu,Analgesic
Zhi Xiang Fu,Li Qi 
Zhi Xiang Fu,Depression 
Zhi Xiang Fu,Menstruation
Bi Cheng Jia,Dispel cold  
Bi Cheng Jia,Warm the kidney  
Bi Cheng Jia,Analgesic
Bi Cheng Jia,Wenzhong  
Bi Cheng Jia,Qi 
H0449,Resolve phlegm 
H0449,Break up 
H0449,Antispasmodic 
H0449,Dispel the wind  
H1038,Challenge 
H1038,Insecticide 
H1038,Antipruritic
H1038,Analgesic
H1038,Reduce swelling 
H1038,Dispel the wind  
Hu Lu Ba,Help Yang 
Hu Lu Ba,Dispel cold  
Hu Lu Ba,Analgesic
Hu Lu Ba,Warm the kidney 
H0995,Reality 
H0995,Yijing 
H0995,Invigorate
H0995,Nourish the lungs 
H0995,Tonifying the kidney 
Mai Fu,Nourish yin 
Mai Fu,Hold sweat 
Mai Fu,Clear heat 
Yi Yuan San,Qingshu 
Yi Yuan San,Dampness  
H0794,Resolve phlegm 
H0794,Break up 
H0794,Cough  
H0794,Reduce swelling 
H0794,Clear heat 
H0794,Lower breath 
Ou Jie,Sanyu
Ou Jie,Hemostasis 
H0261,Analgesic
H0261,Invigorate blood 
H0261,Reduce swelling 
H0261,Muscle growth
H0341,Urinate 
H0341,Rheumatism 
H0341,Pass through 
H0341,Tongluo 
Duan Chi Shi Zhi,convergence 
Duan Chi Shi Zhi,Hygroscopic 
Duan Chi Shi Zhi,Sore 
Duan Chi Shi Zhi,Hemostasis 
Duan Chi Shi Zhi,Astringent intestines 
Duan Chi Shi Zhi,Muscle growth
H0328,Analgesic
H0328,Active 
H0328,Reduce swelling 
H0328,Rheumatism 
H0328,Shujin 
Shu Yang Quan,Pit cancer 
Shu Yang Quan,Anti-inflammatory
Shu Yang Quan,Dampness
Shu Yang Quan,Detoxify 
Duan Zhe Shi,Cool blood  
Duan Zhe Shi,Pinggan 
Duan Zhe Shi,Hemostasis 
Duan Zhe Shi,Qianyang 
Duan Zhe Shi,Important town 
Duan Zhe Shi,Inverse reduction 
Chao Dao Ya,Strengthen the spleen
Chao Dao Ya,Wanaka 
Chao Dao Ya,Appetizer 
Chao Dao Ya,Digestion 
Zhen Zhu Mu,Soothe the nerves 
Zhen Zhu Mu,Surely shocked 
Zhen Zhu Mu,Pinggan 
Zhen Zhu Mu,Eyesight 
Zhen Zhu Mu,Liver cleansing 
Zhen Zhu Mu,Qianyang 
H0274,Lead lag 
H0274,Analgesic
H0274,Qi 
H0274,Tune in  
H0344,Liyan 
H0344,Clear heat 
H0344,Shengjin 
H0344,Detoxify 
Zhu Ban Xia,Resolve phlegm 
Zhu Ban Xia,Break up 
Zhu Ban Xia,Anti-vomiting 
Zhu Ban Xia,Extinguishing 
Zhu Ban Xia,Dampness 
Zhu Ban Xia,Inverse reduction 
H0115,Get angry  
H0115,Resolve phlegm 
H0115,Cough  
H0115,Nourish the lungs
H0073,Disperse the wind 
H0073,Solution table 
H0073,Rash 
H0111,Insecticide 
H0111,Clear heat 
H0111,Dampness 
H0111,Dispel the wind  
Hai Ge Ke,Water utilization
Hai Ge Ke,Acid production
Hai Ge Ke,Resolve phlegm 
Hai Ge Ke,Hygroscopic 
Hai Ge Ke,Sore 
Hai Ge Ke,Break up 
Hai Ge Ke,Analgesic
Hai Ge Ke,Reduce swelling 
Hai Ge Ke,Cleans the lungs 
Hai Ge Ke,Soft 
H1166,Nourish blood 
H1166,Cut malaria 
H1166,Run intestines
H1166,Nourish yin 
H1166,Dispel the wind  
H1166,Detoxify 
H1166,Laxative
Mi Gua Lou Ren,Resolve phlegm 
Mi Gua Lou Ren,Cleans the lungs 
Mi Gua Lou Ren,Slippery bowel 
Mi Gua Lou Ren,Laxative
H0010,convergence 
H0010,Stop band 
H0010,Stop dysentery 
H0010,Hemostasis 
Ju Ye,Resolve phlegm 
Ju Ye,Anti-swelling 
Ju Ye,Soothing the liver 
Ju Ye,Qi 
H0882,Cough  
H0882,Invigorate blood 
H0882,Dispel the wind  
H0882,Tongluo 
H0882,Dehumidification
H0346,Pinggan 
H0346,Analgesic
H0346,Reduce swelling 
H0346,Qi 
H0346,Detoxify 
H0346,Buck 
Hong Teng,Insecticide 
Hong Teng,Analgesic
Hong Teng,Invigorate blood 
Hong Teng,Eliminate carbuncle 
Hong Teng,Dispel the wind  
Hong Teng,Detoxify 
Hong Teng,Dehumidification
Hua Sheng Yi,Sanyu
Hua Sheng Yi,Hemostasis 
Hua Sheng Yi,Reduce swelling 
Jiang Can,Liyan 
Jiang Can,Resolve phlegm 
Jiang Can,Break up 
Jiang Can,Antispasmodic 
Jiang Can,Dispel the wind  
Jiang Can,Detoxify 
H0042,Cool blood  
H0042,Insecticide 
H0042,Stop dysentery 
H0042,Clear heat 
H0042,Dampness 
H0042,Detoxify 
H0074,Astringent 
H0074,Hemostasis 
H0510,Resuscitate 
H0510,Analgesic
H0510,Pi Hui
H0510,Wake up 
H0185,Cool blood  
H0185,Reduce swelling 
H0185,Dispel the wind  
H0185,Tongluo 
H0404,Break up 
H0404,Reduce swelling 
H0404,Clear heat 
H0404,Detoxify 
H1169,Cool blood  
H1169,Qingshu 
H1169,Hemostasis 
H1169,Clear heat 
H1169,Relieve heat 
H0351,Cool blood  
H0351,Dampness  
H0351,Break up 
H0351,Hemostasis 
H0351,Clear heat 
H0351,Detoxify 
H0366,Help Yang 
H0366,Flash point 
H0366,Dispel cold  
H0366,Analgesic
H0366,Wenjing 
H0366,Fill the fire 
H0366,Tongmai
Yeyi Gen,Strengthen the spleen
Yeyi Gen,Dampness  
Yeyi Gen,Pus
Yeyi Gen,Clear heat 
Yeyi Gen,Shujin 
Yeyi Gen,Chu Bi 
H0444,Cough  
H0444,Analgesic
H0444,Purging fire 
H0444,Nourish the lungs
H0444,Yiqi 
H0444,Urgency 
H0444,Make up
H0444,Detoxify 
H0444,Reconcile all medicines
H0674,Dispel the wind and chill 
H0674,Nasal orifice 
H0210,Nourish the lungs
H0210,Pure heart 
H0210,Nourish yin 
H0210,Shengjin 
H0210,Benefit stomach 
H0210,Get rid of trouble
H0621,Urinate 
H0621,Quench thirst 
H0621,Qingshu 
H0621,Antipyretic 
H0272,Solid 
H0272,Soothe the nerves 
H0272,Pinggan 
H0272,convergence 
H0272,Break up 
H0272,Qianyang 
H0272,Soft 
H0272,Important town 
H1181,Moisturize  
H1181,Run intestines
H1181,Yijing 
H1181,Nourish the liver 
H1181,Tonifying the kidney 
H1181,Tonic 
Da Io Sumi,Cool blood  
Da Io Sumi,Attack and accumulation 
Da Io Sumi,Hemostasis 
Da Io Sumi,Purging fire 
Da Io Sumi,Damp heat 
Da Io Sumi,Remove blood stasis 
Da Io Sumi,Detoxify 
Tang Gu Sui Bu,Strong bones 
Tang Gu Sui Bu,Analgesic
Tang Gu Sui Bu,Invigorate blood 
Tang Gu Sui Bu,Tonifying the kidney 
Jiao Bai Zhu,Strengthen the spleen
Jiao Bai Zhu,Water utilization
Jiao Bai Zhu,Fetus 
Jiao Bai Zhu,Antiperspirant
Jiao Bai Zhu,Dampness 
Jiao Bai Zhu,Yiqi 
H0398,Dehumidification 
H0398,Fetus 
H0398,Kanaka 
H0398,Appetizer 
H0398,Antidiarrheal 
H0398,Warm the spleen 
H0398,Qi 
Dai Ha Na,And stomach
Dai Ha Na,Wide chest 
Dai Ha Na,Anti-vomiting 
Dai Ha Na,Li Qi 
H0015,Break up 
H0015,Blood stasis  
H0015,Soft 
H0015,Lower breath 
Jiu Jie Chang Pu,Libi 
Jiu Jie Chang Pu,Dehumidification 
Jiu Jie Chang Pu,Resolve phlegm 
Jiu Jie Chang Pu,Resuscitate 
Jiu Jie Chang Pu,Analgesic
Jiu Jie Chang Pu,Reduce swelling 
Jiu Jie Chang Pu,Dispel the wind  
Jiu Jie Chang Pu,Qi 
Ze Xie,Water utilization
Ze Xie,Venting heat   
Ze Xie,Wetting 
Ze Xie,Tonglin
Chao Zhi Shi,Resolve phlegm 
Chao Zhi Shi,Disperse ruffian
Chao Zhi Shi,Depletion 
Chao Zhi Shi,Break gas 
Duan Yu Liang Shi,Stop band 
Duan Yu Liang Shi,Hemostasis 
Duan Yu Liang Shi,Astringent intestines 
H0412,Resuscitate 
H0412,Heat dissipation 
H0412,Eyesight 
H0412,Analgesic
H0412,Retreat 
H0412,Wake up 
Zi Shi Ying,Help Yang 
Zi Shi Ying,Soothe the nerves 
Zi Shi Ying,Asthma 
Zi Shi Ying,Warm the lungs 
Zi Shi Ying,Warm the kidney 
Zi Shi Ying,Zhenxin 
Chao Hei Qian Niu,Water utilization
Chao Hei Qian Niu,Insecticide 
Chao Hei Qian Niu,Depletion 
Chao Hei Qian Niu,Expectorant  
Chao Hei Qian Niu,Drink by drink 
Chao Hei Qian Niu,Laxative
Shu Di Huang Tan,Filling 
Shu Di Huang Tan,Moisturize 
Shu Di Huang Tan,Yijing 
Shu Di Huang Tan,Tonic 
H0506,Detoxification 
H0506,Pus
H0506,Analgesic
H0506,Dampness 
H0506,Muscle growth
H0506,Dispel the wind  
Cha Shu Gen,Strong heart
Cha Shu Gen,Invigorate blood 
Cha Shu Gen,Clear heat 
Cha Shu Gen,Diuretic
Cha Shu Gen,Menstruation
Cha Shu Gen,Detoxify 
Jiang Yong,Liyan 
Jiang Yong,Resolve phlegm 
Jiang Yong,Break up 
Jiang Yong,Antispasmodic 
Jiang Yong,Dispel the wind  
Jiang Yong,Detoxify 
DUAN LONG GU,Solid 
DUAN LONG GU,Soothe the nerves 
DUAN LONG GU,Pinggan 
DUAN LONG GU,convergence 
DUAN LONG GU,Qianyang 
DUAN LONG GU,Stun
H1094,Qingshu 
H1094,Publish 
H1094,Antidiarrheal 
H1094,Quench thirst 
H1094,Shengjin 
H1094,Untie muscles 
H1094,Fever 
H1094,Rash 
H1251,Fetus 
H1251,Hemostasis 
H1251,Purging fire 
H1251,Clear heat 
H1251,Dampness 
H1251,Detoxify 
Duan Qing Meng Shi,Get angry  
Duan Qing Meng Shi,Phlegm 
Duan Qing Meng Shi,Surely shocked 
Duan Qing Meng Shi,Pinggan 
Duan Qing Meng Shi,Attack product 
Duan Qing Meng Shi,Digestion 
Xiao Tong Cao,Breast milk 
Xiao Tong Cao,Diuretic
Xiao Tong Cao,Clear heat 
Gou Gu Ye,Cool blood  
Gou Gu Ye,Cleans the lungs 
Gou Gu Ye,Reduce fire 
Gou Gu Ye,Desteaming 
Feng Huang Yi,Nourish yin 
Feng Huang Yi,Sekkotsuin 
Feng Huang Yi,Sore 
Feng Huang Yi,Cleans the lungs 
Feng Huang Yi,Retreat 
SHI GAO,Quench thirst 
SHI GAO,Clear heat 
SHI GAO,Untie muscles 
SHI GAO,Get rid of trouble
Mao Yan Cao,Detoxification 
Mao Yan Cao,Break up 
Mao Yan Cao,Insecticide 
Mao Yan Cao,Expectorant  
Mao Yan Cao,Chase water 
Mao Yan Cao,Antitussive 
H0417,Nourish the lungs 
H0417,Gushen 
H0417,Yijing 
H0417,Nourish the spleen  
Sheng Bai Bu,Insecticide 
Sheng Bai Bu,Cough  
Sheng Bai Bu,Nourish the lungs
Sheng Bai Bu,Kill lice 
H0364,Nourish blood 
H0364,Help Yang 
H0364,Run intestines
H0364,Yijing 
H0364,Tonifying the kidney 
H0364,Laxative
Wu Yi,Insecticide 
Wu Yi,Depletion 
H0642,Strong bones 
H0642,Rheumatism 
Sheng Bai Zhu,Strengthen the spleen
Sheng Bai Zhu,Water utilization
Sheng Bai Zhu,Fetus 
Sheng Bai Zhu,Antiperspirant
Sheng Bai Zhu,Dampness 
Sheng Bai Zhu,Yiqi 
H1059,Strengthen the spleen
H1059,Water utilization
H1059,And stomach
H1059,Ning Xin
H1059,Soothe the nerves 
H1059,Wetting 
H0537,Moisturize  
H0537,Cleans the lungs 
H0537,Nourish yin 
H0537,Reduce fire 
NIU HUANG,Cool liver 
NIU HUANG,Resolve phlegm 
NIU HUANG,Resuscitate 
NIU HUANG,Clear heat 
NIU HUANG,Extinguish the wind 
NIU HUANG,Detoxify 
H1016,Fetus 
H1016,Strong bones 
H1016,Nourish the liver 
H1016,Tonifying the kidney 
H0342,Cut malaria 
H0342,Clear heat 
H0342,Relieve heat 
H0342,Desteaming 
Lian Xu,Hemostasis 
Lian Xu,Astringent 
Lian Xu,Pure heart 
Lian Xu,Tonifying the kidney 
H0339,Cool blood  
H0339,Hemostasis 
H0339,Purging fire 
H0339,Clear heat 
H0339,Liver cleansing 
H0339,Heat up 
H0339,Detoxify 
H1092,Dispel cold  
H1092,Analgesic
H1092,Wenzhong  
H1092,Li Qi 
H0447,Pitfall 
H0447,Qingshu 
H0447,Publish 
H0447,Clear heat 
H0447,Detoxify 
H0447,Rash 
CI SHI,Soothe the nerves 
CI SHI,Asthma 
CI SHI,Pinggan 
CI SHI,Eyesight 
CI SHI,Qianyang 
CI SHI,Nai Qi 
CI SHI,Clever 
CI SHI,Stun
Chao Man Jing Zi,Heat dissipation 
Chao Man Jing Zi,Clear leader 
Chao Man Jing Zi,Soothing wind 
H0358,Quench thirst 
H0358,Clear heat 
H0358,Shengjin 
H0358,Relieve heat 
Fu Rong Ye,Reduce swelling 
Fu Rong Ye,Cleans the lungs 
Fu Rong Ye,Pus
Fu Rong Ye,Cool blood  
H0700,Water utilization
H0700,Clear heat 
H0700,Reduce swelling 
H0700,Purging fire 
H0700,Detoxify 
H0139,Break up 
H0139,Reduce swelling 
H0139,Clear heat 
H0139,Detoxify 
HUA SHI,Water utilization
HUA SHI,Hygroscopic 
HUA SHI,Sore 
HUA SHI,Clear heat 
HUA SHI,Heat up 
HUA SHI,Relieve heat 
HUA SHI,Tonglin
H1222,Cool blood  
H1222,Hemostasis 
H1222,Purging fire 
H1222,Liver cleansing 
Lu E Mei,Resolve phlegm 
Lu E Mei,Wanaka 
Lu E Mei,Soothing the liver 
Lu E Mei,Depression 
H0529,Moisturize  
H0529,Slippery bowel 
H0529,Broken blood  
H0529,Blood stasis  
H0969,Dampness  
H0969,Antipruritic
H0969,Clear heat 
H0969,Dispel the wind  
H0962,Get angry  
H0962,Wenzhong  
H0962,Tonifying the kidney 
H0962,Supplement 
Zi Jing Pi,To rot 
Zi Jing Pi,convergence 
Zi Jing Pi,Sterilization 
Zi Jing Pi,Hemostasis 
Zi Jing Pi,Reduce swelling 
Zi Jing Pi,Detoxify 
Mi Tuo Seng,convergence 
Mi Tuo Seng,Insecticide 
Mi Tuo Seng,Dampness 
Mi Tuo Seng,Detoxify 
Mi Tuo Seng,Antiseptic 
Feng Dou,Clear heat 
Feng Dou,Nourish yin 
Feng Dou,Shengjin 
Feng Dou,Benefit stomach 
Feng Dou Chao  Jue Ming Zi,Eyesight 
Feng Dou Chao  Jue Ming Zi,Run intestines
Feng Dou Chao  Jue Ming Zi,Clear heat 
Feng Dou Chao  Jue Ming Zi,Laxative
H0347,Lag 
H0347,Depletion 
H0347,Soothing the liver 
H0347,Break gas 
H1050,Silt 
H1050,Resolve phlegm 
H1050,Cough  
H1050,Invigorate blood 
H1050,Qingli 
H1050,Damp heat 
Shou Wu Teng,Nourish blood 
Shou Wu Teng,Soothe the nerves 
Shou Wu Teng,Dispel the wind  
Shou Wu Teng,Tongluo 
Gan Qi Tan,Insecticide 
Gan Qi Tan,Depletion 
Gan Qi Tan,Break blood stasis 
Jin Bo,Soothe the nerves 
Jin Bo,Detoxify 
Jin Bo,Zhenxin 
Wei Jiang,Resolve phlegm 
Wei Jiang,Dispel cold  
Wei Jiang,Anti-vomiting 
Wei Jiang,Cough  
Wei Jiang,Solution table 
Wei Jiang,Inverse reduction 
Lu Rong,Help Yang 
Lu Rong,Strong bones 
Lu Rong,Reduce swelling 
Lu Rong,Warm the kidney 
Lu Rong,Blood run 
H0818,Cool blood  
H0818,Dampness  
H0818,Purging fire 
H0818,Clear heat 
H0818,Detoxify 
H0818,Get rid of trouble
Tu Nao,Treatment of sores 
Tu Nao,Emollient 
Huo Geng,Dehumidification 
Huo Geng,And stomach
Huo Geng,Heat up 
Huo Geng,Solution table 
H1022,Analgesic
H1022,Depletion 
H1022,Broken blood  
H1022,Qi 
Duan Wa Leng Zi,Acid production
Duan Wa Leng Zi,Huayu 
Duan Wa Leng Zi,Break up 
Duan Wa Leng Zi,Analgesic
Duan Wa Leng Zi,Eliminate phlegm 
Duan Wa Leng Zi,Soft 
H0497,Active 
H0497,Reduce swelling 
H0497,Detoxify 
H0497,Pass through 
H0282,Nourish yin 
H0282,Resolve phlegm 
H0282,Nourish the lungs
H0282,Clear heat 
H0282,Shengjin 
H0282,Benefit stomach 
H0136,Hemostasis 
H0136,Eliminate blood stasis 
H0189,Quench thirst 
H0189,Digestion 
H0189,Nourish the lungs
H0189,Shengjin 
H1096,Analgesic
H1096,Detoxification  
H1096,Rejuvenate the stomach   
H1077,Get angry  
H1077,Appetizer 
H1077,Disperse    
H1077,Antidiarrheal 
H1077,Analgesic
H1077,Wenzhong  
H1077,Detoxify 
H0428,Stool 
H0428,Urinate 
H0428,Break up 
H0428,Reduce swelling 
H0428,Detoxify 
H0428,Chase water 
H0773,Strengthen the spleen
H0773,Water utilization
H0773,And stomach
H0773,Ning Xin
H0773,Soothe the nerves 
H0773,Wetting 
Dai Mao,Surely shocked 
Dai Mao,Pinggan 
Dai Mao,Clear heat 
Dai Mao,Detoxify 
Mi Ma Dou Ling,Asthma 
Mi Ma Dou Ling,Cough  
Mi Ma Dou Ling,Hemorrhoids 
Mi Ma Dou Ling,Cleanse the intestines  
Mi Ma Dou Ling,Cleans the lungs 
Mi Ma Dou Ling,Lower breath 
H0165,Solid 
H0165,Soothe the nerves 
H0165,Pinggan 
H0165,convergence 
H0165,Qianyang 
H0165,Stun
H0056,Treat snake and insect bites 
H0056,Invigorate blood 
H0056,Eliminate carbuncle 
H0056,Clear heat 
H0056,Treatment of sores 
H0056,Dispel the wind  
H0056,Detoxify 
H0056,Dehumidification
H0397,Sharp joints
H0397,Rheumatism 
H0841,Pinggan 
H0841,Rheumatism 
H0841,Pass through 
H0841,Tongluo 
Gui Jin Yu,Insecticide 
Gui Jin Yu,Reduce swelling 
Gui Jin Yu,Broken blood  
Gui Jin Yu,Detoxify 
Gui Jin Yu,Pass through 
Sen So Sumi,Cool blood  
Sen So Sumi,Huayu 
Sen So Sumi,Hemostasis 
Sen So Sumi,Invigorate blood 
Zi Su,And stomach
Zi Su,Dispel cold  
Zi Su,Qi 
Zi Su,Solution table 
H0551,Strengthen the spleen
H0551,Eyesight 
H0551,Dampness 
H0551,Rheumatism 
H0273,Diuretic
H0273,Invigorate blood 
H0273,Clear heat 
H0273,Tongmai
JIAO MAI YA,Lag 
JIAO MAI YA,Digestion 
Ki Dai Zu,Strengthen the spleen
Ki Dai Zu,Kanaka 
Ki Dai Zu,Water elimination
Ki Dai Zu,Moisturize  
Jiao Yi Yi Ren,Strengthen the spleen
Jiao Yi Yi Ren,Pus
Jiao Yi Yi Ren,Antidiarrheal 
Jiao Yi Yi Ren,Clear heat 
Jiao Yi Yi Ren,Wetting 
Jiao Yi Yi Ren,Chu Bi 
H0055,Dampness  
H0055,Reduce swelling 
H0055,Clear heat 
H0055,Tonglin
Da Feng Zi,Challenge 
Da Feng Zi,Insecticide 
Da Feng Zi,Dampness 
Da Feng Zi,Dispel the wind  
ZHI CAO WU,Dispel cold  
ZHI CAO WU,Analgesic
ZHI CAO WU,Reduce swelling 
ZHI CAO WU,Wenjing 
ZHI CAO WU,Dispel the wind  
ZHI CAO WU,Dehumidification
H0028,Analgesic
H0028,Broken blood  
H0028,Qi 
H0028,Pass through 
H0195,Cool blood  
H0195,Hemostasis 
H0195,Clear heat 
H0195,Detoxify 
Chao bai Jie Zi,Li Qiao 
Chao bai Jie Zi,Dispel cold  
Chao bai Jie Zi,Reduce swelling 
Chao bai Jie Zi,Wenzhong  
Chao bai Jie Zi,Phlegm 
Chao bai Jie Zi,Tongluo 
Cu Ji Nei Jin,Strengthen the spleen
Cu Ji Nei Jin,Chemical food 
Cu Ji Nei Jin,Stop
Cu Ji Nei Jin,Elimination of symptoms  
Cu Ji Nei Jin,Digestion 
Cu Ji Nei Jin,Astringent 
Bai Yao Zi,Cool blood  
Bai Yao Zi,Analgesic
Bai Yao Zi,Hemostasis 
Bai Yao Zi,Clear heat 
Bai Yao Zi,Dispel the wind  
Bai Yao Zi,Detoxify 
Zhi Ba Ji Tian,Help Yang 
Zhi Ba Ji Tian,Strong bones 
Zhi Ba Ji Tian,Strong tendons 
Zhi Ba Ji Tian,Dispel the wind  
Zhi Ba Ji Tian,Tonifying the kidney 
Zhi Ba Ji Tian,Dehumidification
H1165,Insecticide 
H1165,Depletion 
Chao Bian Dou,Strengthen the spleen
Chao Bian Dou,Dehumidification 
Chao Bian Dou,Wanaka 
Chao Bian Dou,Cool off  
H0197,Antiperspirant
H0267,Dispel cold  
H0267,Analgesic
H0267,Wenzhong  
H0267,Li Qi 
H1189,Strengthen the spleen
H1189,Huayu 
H1189,Cough  
H1189,Invigorate blood 
H1189,Cleans the lungs 
H1189,Yiqi 
H0926,Cool blood  
H0926,Attack and accumulation 
H0926,Purging fire 
H0926,Damp heat 
H0926,Remove blood stasis 
H0926,Detoxify 
H0036,Liyan 
H0036,Xuanfei
H0036,Pus
H0036,Expectorant  
Huang Yao Zi,Cool blood  
Huang Yao Zi,Break up 
Huang Yao Zi,Hemostasis 
Huang Yao Zi,Elimination of galls 
Huang Yao Zi,Clear heat 
Huang Yao Zi,Detoxify 
Chao Ji Li,Pinggan 
Chao Ji Li,Eyesight 
Chao Ji Li,Antipruritic
Chao Ji Li,Invigorate blood 
Chao Ji Li,Dispel the wind  
Chao Ji Li,Depression 
Chao Huai Hua,Cool blood  
Chao Huai Hua,Hemostasis 
Chao Huai Hua,Purging fire 
Chao Huai Hua,Liver cleansing 
H1228,Purging fire 
H1228,Clear heat 
H1228,Dampness 
H1228,Treatment of sores 
H1228,Detoxify 
H1228,Desteaming 
H0542,Pinggan 
H0542,Antispasmodic 
H0542,Qianyang 
H0542,Extinguish the wind 
H0542,Dispel the wind  
H0542,Tongluo 
H0772,Invigorate blood 
H0772,Reduce swelling 
H0772,Detoxify 
H0772,Menstruation
Sheng Huang Bo,Purging fire 
Sheng Huang Bo,Clear heat 
Sheng Huang Bo,Dampness 
Sheng Huang Bo,Treatment of sores 
Sheng Huang Bo,Detoxify 
Sheng Huang Bo,Desteaming 
Tie Luo Hua,Pinggan 
Tie Luo Hua,Sore 
Tie Luo Hua,Tonic 
Tie Luo Hua,Detoxify 
Tie Luo Hua,Stun
H0611,Dispel cold  
H0611,Analgesic
H0611,Warm the kidney 
H0611,Qi 
H0695,Cut malaria 
H0695,Insecticide 
H0695,Clear heat 
H0695,Detoxify 
H1241,Purging fire 
H1241,Clear heat 
H1241,Dampness 
H1241,Detoxify 
H0117,Water utilization
H0117,Break up 
H0117,Eliminate phlegm 
H0117,Soft 
H0539,Resolve phlegm 
H0539,Exhaust 
H0539,Reduce swelling 
H0539,Nourish the lungs
H0539,Clear heat 
H0539,Shengjin 
Zhui Di Feng,Analgesic
Zhui Di Feng,Dispel the wind  
Zhui Di Feng,Qi 
Zhui Di Feng,Dehumidification
He Huan Hua,Soothe the nerves 
He Huan Hua,Depression 
H0766,Nourish the stomach
H0766,Nourish the lungs
H0766,Nourish yin 
H0766,Shengjin 
H0365,Digestion 
H0365,Astringent intestines 
H0365,Wenzhong  
H0365,Qi 
Zhi Qiao,Kanaka 
Zhi Qiao,Swelling  
Zhi Qiao,Li Qi 
Zhi Qiao,Line stagnation
H1051,Dingchuan 
H1051,Constrict the lungs 
H1051,Stop band 
H1051,Urinary contraction 
H0558,Water utilization
H0558,Asthma 
H0558,Vent evil 
H0558,Diarrhea 
H0558,Reduce swelling 
H0558,Expectorant  
H0558,Chasing evil 
H0558,Lower breath 
H0193,Water utilization
H0193,Cut malaria 
H0193,Reduce swelling 
H0193,Clear heat 
H0193,Detoxify 
Zhi Ju Zi,Water utilization
Zhi Ju Zi,Reduce swelling 
Zhi Ju Zi,Detoxification  
Zhi Tian Nan Xing,Resolve phlegm 
Zhi Tian Nan Xing,Break up 
Zhi Tian Nan Xing,Antispasmodic 
Zhi Tian Nan Xing,Dispel the wind  
H0877,Diuretic
H0877,Ignite down 
H0877,Strong bones 
H0877,Invigorate blood 
H0877,Nourish the liver 
H0877,Tonifying the kidney 
H0877,Tonglin
H0877,Pass through 
Mi Sang Bai Pi,Water utilization
Mi Sang Bai Pi,Asthma 
Mi Sang Bai Pi,Diarrhea 
Mi Sang Bai Pi,Reduce swelling 
Suo Luo Zi,Kanaka 
Suo Luo Zi,Analgesic
Suo Luo Zi,Li Qi 
Suo Luo Zi,Soothing the liver 
H0487,Cool blood  
H0487,Surely shocked 
H0487,Clear heat 
H0487,Detoxify 
Fu Ping,Diuretic
Fu Ping,Heat dissipation 
Fu Ping,Soothing wind 
Fu Ping,Rash 
H0169,Invigorate blood 
H0169,Clear heat 
H0169,Detoxify 
H0169,Breastfeeding 
Bai Fan,Insecticide 
Bai Fan,Antidiarrheal 
Bai Fan,Hemostasis 
Bai Fan,Dampness 
Bai Fan,Expectorant  
Bai Fan,Detoxify 
H0297,Diuretic
H0297,Ignite down 
H0297,Strong bones 
H0297,Invigorate blood 
H0297,Nourish the liver 
H0297,Tonifying the kidney 
H0297,Tonglin
H0297,Pass through 
H0156,Chemical product 
H0156,Hemostasis 
H0156,Reduce swelling 
H0156,Digestion 
H0156,Break blood stasis 
H0156,Pass through 
Chao Shan Zha,Lag 
Chao Shan Zha,Huayu 
Chao Shan Zha,Chemical product 
Chao Shan Zha,Digestion 
Zao Jiao,Opening and closing
Zao Jiao,Insecticide 
Zao Jiao,Expectorant 
Zao Jiao,Dispel the wind  
Zao Jiao,Tongqiao 
H0190,Water utilization
H0190,Cool off  
H0190,Clear heat 
H0190,Detoxify 
Pu Huang Tan,Huayu 
Pu Huang Tan,Hemostasis 
Pu Huang Tan,Tonglin
Chao Yi Yi Ren,Strengthen the spleen
Chao Yi Yi Ren,Pus
Chao Yi Yi Ren,Antidiarrheal 
Chao Yi Yi Ren,Clear heat 
Chao Yi Yi Ren,Wetting 
Chao Yi Yi Ren,Chu Bi 
JI ZI HUANG,Nourish blood 
JI ZI HUANG,Moisturize  
JI ZI HUANG,Nourish yin 
JI ZI HUANG,Extinguish the wind 
Shu Fu,Water utilization
Shu Fu,Analgesic
Shu Fu,Elimination of symptoms  
Shu Fu,Break blood stasis 
Shu Fu,Detoxify 
Shu Fu,Pass through 
H0974,Cool blood  
H0974,Hemostasis 
H0974,Clear heat 
H0974,Detoxify 
Su Kei Hana,Analgesic
Su Kei Hana,Li Qi 
H0003,Water utilization
H0003,Invigorate blood 
H0003,Moisturize  
H0003,Slippery bowel 
H0003,Tonglin
Zhi Chuan Wu,Dispel cold  
Zhi Chuan Wu,Analgesic
Zhi Chuan Wu,Wenjing 
Zhi Chuan Wu,Dispel the wind  
Zhi Chuan Wu,Dehumidification
Chao Bo Zi Ren,Nourish the heart 
Chao Bo Zi Ren,Soothe the nerves 
Chao Bo Zi Ren,Hold sweat 
Chao Bo Zi Ren,Run intestines
Chao Bo Zi Ren,Laxative
H0215,Strengthen the spleen
H0215,Appetizer 
H0215,Swelling  
H0215,Digestion 
H0215,Qi 
H0215,Breastfeeding 
Bai Jing Dan,Insecticide 
Bai Jing Dan,Eliminate carbuncle 
Bai Jing Dan,Ulceration 
Bai Jing Dan,Corrosion 
H1028,Water utilization
H1028,Diarrhea 
H1028,Line stagnation
H1028,Laxative
Tu Jing Pi,Insecticide 
Tu Jing Pi,Antipruritic
Tu Jing Pi,Dispel the wind  
Tu Jing Pi,Dehumidification
H1225,Cool blood  
H1225,Hemostasis 
H1225,Purging fire 
H1225,Liver cleansing 
H0634,Cut malaria 
H0634,convergence 
H0634,Stop dysentery 
H0634,Hemostasis 
H0634,Detoxify 
H1064,Dingchuan 
H1064,Stop cough 
H1064,Tonifying the kidney 
H1064,Nourish the lungs 
H0898,Dampness  
H0898,Clear heat 
H0898,Detoxify 
She Tui,Surely shocked 
She Tui,Antipruritic
She Tui,Reduce swelling 
She Tui,Dispel the wind  
She Tui,Detoxify 
She Tui,Retreat 
H0141,Solid essence 
H0141,Pinggan 
H0141,Hemostasis 
H0141,Purging fire 
H0141,Pure heart 
Qi She,Surely shocked 
Qi She,Stop convulsions
Qi She,Rheumatism 
Qi She,Perforated 
H0941,Nourish the stomach
H0941,Nourish blood 
H0941,Harmony 
H0941,Soothe the nerves 
H0941,Yiqi 
H0941,Nourish the spleen  
H0941,Reconcile the camp and guard 
Fen Xin Mu,Stop band 
Fen Xin Mu,Antidiarrheal 
Fen Xin Mu,Stop dysentery 
Fen Xin Mu,Hemostasis 
Fen Xin Mu,Astringent 
Fen Xin Mu,Urinary contraction 
Xue Jie,Huayu 
Xue Jie,Pain relief 
Xue Jie,Sore 
Xue Jie,Hemostasis 
Xue Jie,Invigorate blood 
Xue Jie,Muscle growth
Chan Su,Resuscitate 
Chan Su,Analgesic
Chan Su,Detoxify 
Chan Su,Wake up 
Pang Da Hai,Liyan 
Pang Da Hai,Nourish the lungs
Pang Da Hai,Clear heat 
Pang Da Hai,Cleanse the intestines  
Pang Da Hai,Laxative
Hu Lu,Water utilization
Hu Lu,Reduce swelling 
Jin Deng Long,Liyan 
Jin Deng Long,Diuretic
Jin Deng Long,Resolve phlegm 
Jin Deng Long,Clear heat 
Jin Deng Long,Detoxify 
H0629,Kaoru  
H0629,Dispel cold  
H0629,Analgesic
H0629,Warm the lungs 
H0629,Dispel the wind  
H0629,Tongqiao 
Song Hua Fen,Hygroscopic 
Song Hua Fen,Hemostasis 
Song Hua Fen,Yiqi 
Song Hua Fen,Dispel the wind  
Huai Hua Tan,Cool blood  
Huai Hua Tan,Hemostasis 
Huai Hua Tan,Purging fire 
Huai Hua Tan,Liver cleansing 
Xian Huo Xiang,Dehumidification 
Xian Huo Xiang,And stomach
Xian Huo Xiang,Heat up 
Xian Huo Xiang,Solution table 
Zhi Zi Yuan,Get angry  
Zhi Zi Yuan,Resolve phlegm 
Zhi Zi Yuan,Cough  
Zhi Zi Yuan,Nourish the lungs
H0199,Dampness  
H0199,Analgesic
H0199,Reduce swelling 
H0199,Clear heat 
H0199,Detoxify 
H0534,Dampness  
H0534,Hemostasis 
H0534,Reduce swelling 
H0534,Clear heat 
H0534,Dispel the wind  
H0534,Detoxify 
H0534,Chu Bi 
Ya Ko To,Nourish the heart 
Ya Ko To,Soothe the nerves 
Ya Ko To,Dispel the wind  
Ya Ko To,Tongluo 
Lu Jiao Bang,Help Yang 
Lu Jiao Bang,Strong bones 
Lu Jiao Bang,Reduce swelling 
Lu Jiao Bang,Warm the kidney 
Lu Jiao Bang,Blood run 
H0553,Cool blood  
H0553,Hemostasis 
H0553,Clear heat 
Chan Tui,Liyan 
Chan Tui,Heat dissipation 
Chan Tui,Eyesight 
Chan Tui,Antispasmodic 
Chan Tui,Soothing wind 
Chan Tui,Dispel the wind  
Chan Tui,Retreat 
Chan Tui,Rash 
Pi Li Guo,Breast milk 
Pi Li Guo,Water utilization
Pi Li Guo,Invigorate blood 
Pi Li Guo,Eliminate carbuncle 
Pi Li Guo,Tonglin
Pi Li Guo,Pass through 
H0564,Resolve phlegm 
H0564,Detoxification 
H0564,Break up 
H0564,Clear heat 
Bi Yu San,Clear heat 
Bi Yu San,Heat up 
H0820,Resolve phlegm 
H0820,Break up 
H0820,Cleans the lungs 
H0820,Detoxify 
H0128,Antidiarrheal 
H0128,Stop dysentery 
H0128,Rheumatism 
H0128,Pass through 
Zhi Zi Tan,Cool blood  
Zhi Zi Tan,Dampness  
Zhi Zi Tan,Clear heat 
Zhi Zi Tan,Detoxify 
Zhi Zi Tan,Get rid of trouble
MANG MIAO,Purge 
MANG MIAO,Reduce swelling 
MANG MIAO,Clear heat 
MANG MIAO,Treatment of sores 
MANG MIAO,Broken blood  
MANG MIAO,Soft 
MANG MIAO,Pass through 
MANG MIAO,Dehumidification
Chao Bin Lang,Cut malaria 
Chao Bin Lang,Insecticide 
Chao Bin Lang,Depletion 
Chao Bin Lang,Gyozui 
Chao Bin Lang,Lower breath 
Jing Tian Sanqi,Pain relief 
Jing Tian Sanqi,Scatter blood 
Jing Tian Sanqi,Hemostasis 
Shui Zhi,Elimination of symptoms  
Shui Zhi,Broken blood  
Shui Zhi,Zhuyu  
Shui Zhi,Pass through 
H0352,Challenge 
H0352,Break up 
H0352,Antispasmodic 
H0352,Analgesic
H0352,Dispel the wind  
H0352,Tongluo 
H1054,Strengthen the spleen
H1054,Water utilization
H1054,Ning Xin
H1054,Wetting 
Chao Su Zi,Asthma 
Chao Su Zi,Eliminate phlegm 
Chao Su Zi,Run intestines
Chao Su Zi,Lower breath 
Hai Er Cha,Resolve phlegm 
Hai Er Cha,Pain relief 
Hai Er Cha,Hygroscopic 
Hai Er Cha,Sore 
Hai Er Cha,Hemostasis 
Hai Er Cha,Clear heat 
H0177,Water utilization
H0177,Active 
H0177,Dispel the wind  
H0177,Pass through 
Dai Zhe Shi,Cool blood  
Dai Zhe Shi,Pinggan 
Dai Zhe Shi,Hemostasis 
Dai Zhe Shi,Qianyang 
Dai Zhe Shi,Important town 
Dai Zhe Shi,Inverse reduction 
Feng Xiang Jiao,Analgesic
Feng Xiang Jiao,Hemostasis 
Feng Xiang Jiao,Invigorate blood 
Feng Xiang Jiao,Muscle growth
Feng Xiang Jiao,Detoxify 
Duan Yang Qi Shi,Impotence  
Duan Yang Qi Shi,Warm the kidney 
H0153,stomachic  
H0153,Strengthen the spleen
H0153,Soothe the nerves 
H0153,Yiqi 
H0153,Tonic 
H1145,Water utilization
H1145,Venting heat   
H1145,Eliminate phlegm 
H1145,Soft 
Chao Hei Qian Niu Zi,Water utilization
Chao Hei Qian Niu Zi,Insecticide 
Chao Hei Qian Niu Zi,Depletion 
Chao Hei Qian Niu Zi,Expectorant  
Chao Hei Qian Niu Zi,Drink by drink 
Chao Hei Qian Niu Zi,Laxative
Zhi Yin Yang Huo,Impotence  
Zhi Yin Yang Huo,Strong bones 
Zhi Yin Yang Huo,Dispel the wind  
Zhi Yin Yang Huo,Tonifying the kidney 
Zhi Yin Yang Huo,Dehumidification
Fu Hai Shi,Resolve phlegm 
Fu Hai Shi,Break up 
Fu Hai Shi,Cleans the lungs 
Fu Hai Shi,Soft 
H0306,Publish 
H0306,Appetizer 
H0306,Aromatic dehumidification 
H0306,Relieve heat 
H0306,Wake up the spleen 
H0682,Insecticide 
H0682,Dampness 
H0682,Expectorant  
H0682,Detoxify 
Chao Huai Mi,Cool blood  
Chao Huai Mi,Hemostasis 
Chao Huai Mi,Purging fire 
Chao Huai Mi,Liver cleansing 
Ye Ming Sha,Sanyu
Ye Ming Sha,Eyesight 
Ye Ming Sha,Depletion 
Ye Ming Sha,Liver cleansing 
Zhu Ru,Resolve phlegm 
Zhu Ru,Anti-vomiting 
Zhu Ru,Clear heat 
Zhu Ru,Get rid of trouble
H0669,Wide chest 
H0669,Break up 
H0669,Li Qi 
H0669,Tongyang 
Xie BaiWu Shao She,Surely shocked 
Xie BaiWu Shao She,Dispel the wind  
Xie BaiWu Shao She,Tongluo 
H0159,Resolve phlegm 
H0159,Break up 
H0159,Anti-vomiting 
H0159,Extinguishing 
H0159,Dampness 
H0159,Inverse reduction 
H0549,Cool heart 
H0549,Resolve phlegm 
H0549,Surely shocked 
H0549,Clear heat 
H1100,Heat dissipation 
H1100,Eyesight 
H1100,Dispel the wind  
H1100,Retreat 
H0314,Diuretic
H0314,Break up 
H0314,Reduce swelling 
H0314,Clear heat 
H0314,Detoxify 
H0314,Tonglin
H0151,Pinggan 
H0151,Scatter blood 
H0151,Eyesight 
H0151,Liver cleansing 
H0151,Extinguish the wind 
H0151,Detoxify 
H0800,Soothe the nerves 
H0800,Surely shocked 
H0800,Eyesight 
H0800,Liver cleansing 
H0800,Muscle growth
H0800,Detoxify 
Tian Long,Surely shocked 
Tian Long,Break up 
Tian Long,Dispel the wind  
Tian Long,Detoxify 
Wan Nian Qing,Diuretic
Wan Nian Qing,Strong heart
Wan Nian Qing,Clear heat 
Wan Nian Qing,Detoxify 
Zhi Yuan Zhi,Ning Xin
Zhi Yuan Zhi,Soothe the nerves 
Zhi Yuan Zhi,Resuscitate 
Zhi Yuan Zhi,Reduce swelling 
Zhi Yuan Zhi,Expectorant  
Zhi Yuan Zhi,Detoxify 
Dang Gui Tan,Analgesic
Dang Gui Tan,Invigorate blood 
Dang Gui Tan,Moisturize  
Dang Gui Tan,Slippery bowel 
Dang Gui Tan,Tonic 
Dang Gui Tan,Menstruation
H0663,Cool blood  
H0663,Hemostasis 
H0663,Reduce swelling 
H0663,Remove blood stasis 
H0254,Cool blood  
H0254,Insecticide 
H0254,Hemostasis 
H0254,Clear heat 
H0254,Detoxify 
Hai Tong Pi,Analgesic
Hai Tong Pi,Rheumatism 
Hai Tong Pi,Tongluo 
H0492,Challenge 
H0492,Break up 
H0492,Antispasmodic 
H0492,Analgesic
H0492,Dispel the wind  
H0492,Tongluo 
H0625,Ufa 
H0625,Cool blood  
H0625,Hemostasis 
H0625,Germination 
H0809,Quench thirst 
H0809,Purging fire 
H0809,Moisturize  
H0809,Clear heat 
H0809,Nourish yin 
H0809,Get rid of trouble
Sheng Di Yu,Cool blood  
Sheng Di Yu,Sore 
Sheng Di Yu,Hemostasis 
Sheng Di Yu,Reduce swelling 
Sheng Di Yu,Clear heat 
Sheng Di Yu,Detoxify 
Bing Tang,And stomach
Bing Tang,Nourish the lungs
Bing Tang,Yiqi 
Bing Tang,Make up
H0565,Sekkotsuin 
H0565,Broken blood  
H0565,Susuji 
H0565,Zhuyu  
Shan Yu Rou,Solid off 
Shan Yu Rou,convergence 
Shan Yu Rou,Nourish the liver 
Shan Yu Rou,Tonifying the kidney 
H1098,Solid off Healthy waist and feet 
H1098,Sharp joints
H1098,De rheumatism
H0519,Help Yang 
H0519,Run intestines
H0519,i my crystal blood 
H0519,Tonifying the kidney 
H0519,Laxative
Dao Ya,Strengthen the spleen
Dao Ya,Wanaka 
Dao Ya,Appetizer 
Dao Ya,Digestion 
H0264,Break up 
H0264,Analgesic
H0264,Reduce swelling 
H0264,Detoxify 
H0264,Chasing the wind 
H1000,Dampness  
H1000,Resolve phlegm 
H1000,Pus
H1000,Eliminate carbuncle 
H1000,Cleans the lungs 
H1120,Publish 
H1120,Appetizer 
H1120,Anti-vomiting 
H1120,Aromatization 
H1120,Relieve heat 
H0402,Solid essence 
H0402,Eyesight 
H0402,Tonifying the kidney 
H0402,Nourish the liver 
Chao Niu Bang Zi,Liyan 
Chao Niu Bang Zi,Xuanfei
Chao Niu Bang Zi,Heat dissipation 
Chao Niu Bang Zi,Break up 
Chao Niu Bang Zi,Reduce swelling 
Chao Niu Bang Zi,Soothing wind 
Chao Niu Bang Zi,Detoxify 
Chao Niu Bang Zi,Rash 
H0739,Strengthen the spleen
H0739,Pus
H0739,Antidiarrheal 
H0739,Clear heat 
H0739,Wetting 
H0739,Chu Bi 
H0684,Dehumidification 
H0684,Antipruritic
H0684,Analgesic
H0684,Dispel the wind  
H0463,Antidiarrheal 
H0463,Hemostasis 
H0463,Astringent intestines 
H0463,Deworming 
Nama Sarashi San,Replenish 
Nama Sarashi San,Soothe the nerves 
Nama Sarashi San,Quench thirst 
Nama Sarashi San,Shengjin 
Nama Sarashi San,Puzzle 
Nama Sarashi San,Benefit the lungs 
Nama Sarashi San,Nourish the spleen  
H1209,Diuretic
H1209,Soothe the nerves 
H1209,Sanyu
H1209,Invigorate blood 
H1209,Tonglin
H1209,Stun
H0715,Diuretic
H0715,Eyesight 
H0715,Antidiarrheal 
H0715,Clear heat 
H0715,Wetting 
H0715,Expectorant  
H1215,Li Qi 
H1215,Dispel cold  
H1215,Eliminate phlegm 
H1215,Dampness 
Duan Ha Ke,Water utilization
Duan Ha Ke,Acid production
Duan Ha Ke,Resolve phlegm 
Duan Ha Ke,Hygroscopic 
Duan Ha Ke,Sore 
Duan Ha Ke,Break up 
Duan Ha Ke,Analgesic
Duan Ha Ke,Reduce swelling 
Duan Ha Ke,Cleans the lungs 
Duan Ha Ke,Soft 
H0707,Insecticide 
H0707,Diarrhea 
H0707,Detoxify 
H0707,Drink by drink 
H0145,Cool blood  
H0145,Anti-spot 
H0145,Clear heat 
H0145,Detoxify 
Abu Hyaku Bu,Insecticide 
Abu Hyaku Bu,Cough  
Abu Hyaku Bu,Nourish the lungs
Abu Hyaku Bu,Kill lice 
Zhe Shi,Cool blood  
Zhe Shi,Pinggan 
Zhe Shi,Hemostasis 
Zhe Shi,Qianyang 
Zhe Shi,Important town 
Zhe Shi,Inverse reduction 
H0715,Cool blood  
H0715,Detoxify 
H0597,Water utilization
H0597,Strong bones 
H0597,Rheumatism 
H0597,Nourish the liver 
H0597,Tonifying the kidney 
H1118,convergence 
H1118,Hemostasis 
H1118,Reduce swelling 
H1118,Muscle growth
Chao Gu Ya,Strengthen the spleen
Chao Gu Ya,Wanaka 
Chao Gu Ya,Appetizer 
Chao Gu Ya,Digestion 
H0782,Pain relief 
H0782,Reduce swelling 
H0782,Clear heat 
H0782,Detoxify 
E Jiao Zhu,Hemostasis 
E Jiao Zhu,Moisturize  
E Jiao Zhu,Nourish yin 
E Jiao Zhu,Tonic 
He Ye Bian,Cool blood  
He Ye Bian,Qingshu 
He Ye Bian,Hemostasis 
He Ye Bian,Clear heat 
He Ye Bian,Relieve heat 
Wu Gu Chong,Sluggish 
Wu Gu Chong,Clear heat 
Wang Yue Sha,Eyesight 
Wang Yue Sha,Insecticide 
Wang Yue Sha,Detoxify 
Wang Yue Sha,Retreat 
Di Long,Diuretic
Di Long,Asthma 
Di Long,Pinggan 
Di Long,Antispasmodic 
Di Long,Active 
Di Long,Clear heat 
Di Long,Extinguish the wind 
Di Long,Pass through 
H1184,Sore 
H1184,Break up 
H1184,Analgesic
H1184,Clear heat 
H1184,Muscle growth
H1184,Detoxify 
CHAO MAI YA,Milk back 
CHAO MAI YA,Digestion 
CHAO MAI YA,Qi 
H0247,Nourish the liver 
H0247,Eyesight 
H0247,Clear heat 
H0247,Retreat 
H1060,Resolve phlegm 
H1060,And stomach
H1060,Li Qi 
H1060,Shugan 
H0137,Cool blood  
H0137,Liyan 
H0137,Clear heat 
H0137,Detoxify 
H0524,Appetizer 
H0524,Analgesic
H0524,Wenzhong  
H0524,Qi 
Qing Xiang Zi,Eyesight 
Qing Xiang Zi,Purging fire 
Qing Xiang Zi,Clear heat 
Qing Xiang Zi,Retreat 
H0970,Cool blood  
H0970,Cleans the lungs 
H0970,Reduce fire 
H0970,Desteaming 
Shen Jing Cao,Active 
Shen Jing Cao,Dispel the wind  
Shen Jing Cao,Shujin 
Shen Jing Cao,Dehumidification
Da Dou Huang Juan,Dampness and heat 
Da Dou Huang Juan,Solution table 
San Leng,Analgesic
San Leng,Depletion 
San Leng,Broken blood  
San Leng,Qi 
Zhu Er Can,Hemostasis 
Zhu Er Can,Remove blood stasis 
Zhu Er Can,Analgesic
Zhu Er Can,Nourish yin 
Zhu Er Can,Nourish the lungs 
Yuan Zhi Miao,Ning Xin
Yuan Zhi Miao,Soothe the nerves 
Yuan Zhi Miao,Resuscitate 
Yuan Zhi Miao,Reduce swelling 
Yuan Zhi Miao,Expectorant  
Yuan Zhi Miao,Detoxify 
H1087,Diarrhea 
H1087,Break up 
H1087,Drink by drink 
H1087,Laxative
H0386,Break up 
H0386,Clear heat 
H0386,Nourish yin 
H0386,Qianyang 
H0386,Extinguish the wind 
H0386,Soft 
H1085,stomachic  
H1085,Analgesic
H1085,Li Qi 
H1085,Wake up the spleen 
SHUI HONG HUA ZI,Strengthen the spleen
SHUI HONG HUA ZI,Dampness  
SHUI HONG HUA ZI,Eyesight 
SHUI HONG HUA ZI,Invigorate blood 
SHUI HONG HUA ZI,Depletion 
SHUI HONG HUA ZI,Clear heat 
SHUI HONG HUA ZI,Detoxify 
H1131,Bone 
H1131,Nourish blood 
H1131,Nourish yin 
H1131,Qianyang 
H1131,Tonifying the kidney 
H1131,Fill the heart 
H1213,Dampness  
H1213,Sanyu
H1213,Invigorate blood 
H1213,Clear heat 
H1213,Dispel the wind  
H1213,Detoxify 
H1213,Tongluo 
Ji Guan Hua Tan,convergence 
Ji Guan Hua Tan,Stop band 
Ji Guan Hua Tan,Stop dysentery 
Ji Guan Hua Tan,Hemostasis 
H0275,Dissipate wind heat 
H0275,Retreat 
H0439,Resolve phlegm 
H0439,Break up 
H0439,Anti-vomiting 
H0439,Extinguishing 
H0439,Dampness 
H0439,Inverse reduction 
H0886,Cool blood  
H0886,Reduce swelling 
H0886,Clear heat 
H0886,Dampness 
H0886,Detoxify 
H0577,Invigorate blood 
H0577,Clear heat 
H0577,Dampness
H0577,Sanyu
H0577,Detoxify 
H0577,Diuretic
Shi Nan YeBai Shi Zhi,Thick intestine 
Shi Nan YeBai Shi Zhi,Astringent intestines 
Shi Nan YeBai Shi Zhi,Antidiarrheal 
Shi Nan YeBai Shi Zhi,Nourish the lungs 
Shi Nan YeBai Shi Zhi,Tonic bone marrow 
H0958,Strengthen the spleen
H0958,Shengjin 
H0958,Yiqi 
H0958,Nourish the lungs 
H0162,Surely shocked 
H0162,To purify the liver  
H0162,Clear heat 
H0162,Dampness 
Xi Jiao,Cool blood  
Xi Jiao,Surely shocked 
Xi Jiao,Clear heat 
Xi Jiao,Detoxify 
Sheng Gu Sui Bu,Strong bones 
Sheng Gu Sui Bu,Analgesic
Sheng Gu Sui Bu,Invigorate blood 
Sheng Gu Sui Bu,Tonifying the kidney 
H0064,Dissipate wind heat 
H0064,Clear heat 
H0064,Detoxify 
H1185,Digestion 
H1185,Wenzhong  
H1185,Dampness 
H1185,Wake up the spleen 
H1154,Water utilization
H1154,Break up 
H1154,Eliminate phlegm 
H1154,Soft 
Mi huai Jiao,Cool blood  
Mi huai Jiao,Hemostasis 
Mi huai Jiao,Purging fire 
Mi huai Jiao,Clear heat 
Shi Nan Ye,Tonifying the kidney 
Shi Nan Ye,Dispel the wind  
Shi Nan Ye,Pass through 
Chao Bai Qian Niu Zi,Water utilization
Chao Bai Qian Niu Zi,Insecticide 
Chao Bai Qian Niu Zi,Depletion 
Chao Bai Qian Niu Zi,Expectorant  
Chao Bai Qian Niu Zi,Drink by drink 
Chao Bai Qian Niu Zi,Laxative
H0934,Cool blood  
H0934,Hemostasis 
H0934,Eliminate carbuncle 
H0934,Reduce swelling 
H0934,Remove blood stasis 
H1202,Purging fire 
H1202,Chancre fever 
H1202,Clear heat 
H1202,Dampness 
H1202,Detoxify 
H1202,Degenerative fever 
Shen Qu,Strengthen the spleen
Shen Qu,Chemical product 
Shen Qu,And stomach
Shen Qu,Digestion 
H0915,sweat
H0915,Dispel cold  
H0915,Solution table 
H0915,Tongyang 
Wu Lian Mei,An round 
Wu Lian Mei,Constrict the lungs 
Wu Lian Mei,Cough  
Wu Lian Mei,Antidiarrheal 
Wu Lian Mei,Hemostasis 
Wu Lian Mei,Astringent intestines 
Wu Lian Mei,Shengjin 
H0338,Resolve phlegm 
H0338,Break up 
H0338,Anti-vomiting 
H0338,Extinguishing 
H0338,Dampness 
H0338,Inverse reduction 
H0706,Sanyu
H0706,Analgesic
H0706,Invigorate blood 
H0706,Li Qi 
H0719,Strengthen the spleen
H0719,Resolve phlegm 
H0719,Dampness 
H0719,Li Qi 
Dai Ha San,Resolve phlegm 
Dai Ha San,Purging fire 
Dai Ha San,Clear heat 
Dai Ha San,Liver cleansing 
Fo Shou Hua,And stomach
Fo Shou Hua,Fast diaphragm  
Fo Shou Hua,Li Qi 
Fo Shou Hua,Soothing the liver 
H0375,Stop dysentery 
H0375,Clear heat 
H0375,Detoxify 
Ma Bo,Liyan 
Ma Bo,Hemostasis 
Ma Bo,Clear heat 
Ma Bo,Detoxify 
Zhi Ci Wei Pi,Huayu 
Zhi Ci Wei Pi,convergence 
Zhi Ci Wei Pi,Analgesic
Zhi Ci Wei Pi,Hemostasis 
Zhi Ci Wei Pi,Astringent 
Zhi Ci Wei Pi,Urinary contraction 
Hai Ha Fen,Dingchuan 
Hai Ha Fen,Stop cough 
Hai Ha Fen,Tonifying the kidney 
Hai Ha Fen,Nourish the lungs 
xiao Hong Zao,Nourish the stomach
xiao Hong Zao,Nourish blood 
xiao Hong Zao,Harmony 
xiao Hong Zao,Soothe the nerves 
xiao Hong Zao,Yiqi 
xiao Hong Zao,Nourish the spleen  
xiao Hong Zao,Reconcile the camp and guard 
H0092,Pinggan 
H0092,Disperse the wind 
H0092,Eyesight 
H0092,Clear heat 
Ling Xiao Hua,Cool blood  
Ling Xiao Hua,Remove blood stasis 
Ling Xiao Hua,Dispel the wind  
Ling Xiao Hua,Blood run 
Lian Fang Tan,Hemostasis 
Lian Fang Tan,Eliminate blood stasis 
Mi Pi Pa Ye,Cough  
Mi Pi Pa Ye,Cleans the lungs 
H0331,Sharp joints
H0331,Dispel cold  
H0331,Analgesic
H0331,Rheumatism 
H0331,Solution table 
H0335,Asthma 
H0335,Eyesight 
H0335,Cough  
H0335,Clear heat 
H0335,Liver cleansing 
H0335,Dampness 
Ji Nei Jin,Strengthen the spleen
Ji Nei Jin,Chemical food 
Ji Nei Jin,Stop
Ji Nei Jin,Elimination of symptoms  
Ji Nei Jin,Digestion 
Ji Nei Jin,Astringent 
H1191,Solid off 
H1191,Fumai 
H1191,Replenish 
H1191,Blood intake 
H1191,Yiqi 
Shi Lian,Cool blood  
Shi Lian,To remove blood stasis 
Shi Lian,Stop dysentery 
Shi Lian,Clear heat 
Shi Lian,Detoxify 
H0049,Diuretic
H0049,Clear heat 
H0049,Treatment of sores 
H0049,Yiyin  
H0049,Detoxify 
H0049,Tonglin
Chao Shen Qu,Strengthen the spleen
Chao Shen Qu,Chemical product 
Chao Shen Qu,And stomach
Chao Shen Qu,Digestion 
Chao Ku Xing Ren,Get angry  
Chao Ku Xing Ren,Asthma 
Chao Ku Xing Ren,Kaibi 
Chao Ku Xing Ren,Cough  
Chao Ku Xing Ren,Run intestines
Chao Ku Xing Ren,Expectorant  
H0453,Get angry  
H0453,Inverse reduction 
Duan Long Chi,Soothe the nerves 
Duan Long Chi,Clear heat 
Duan Long Chi,Stun
Duan Long Chi,Get rid of trouble
Dong Kui Zi,Breast milk 
Dong Kui Zi,Water utilization
Dong Kui Zi,Slippery bowel 
Dong Kui Zi,Laxative
Dong Kui Zi,Tonglin
Tian Xian Teng,Water utilization
Tian Xian Teng,Invigorate blood 
Tian Xian Teng,Reduce swelling 
Tian Xian Teng,Qi 
H1214,Insecticide 
H1214,Antidiarrheal 
H1214,Antipruritic
H1214,Analgesic
H1214,Wenzhong  
H1214,Dehumidification
H0783,Huayu 
H0783,Invigorate blood 
H0783,Reduce swelling 
H0783,Gyozui 
Hai Piao Xiao,Acid production
Hai Piao Xiao,Solid essence 
Hai Piao Xiao,convergence 
Hai Piao Xiao,Hygroscopic 
Hai Piao Xiao,Sore 
Hai Piao Xiao,Stop band 
Hai Piao Xiao,Analgesic
Hai Piao Xiao,Hemostasis 
H0873,Insecticide 
H0873,Analgesic
H0873,Venting heat   
H0873,Soothing the liver 
H0873,Qi 
H0662,And stomach
H0662,Warm the liver 
H0662,Analgesic
H0662,Warm the kidney 
H0662,Qi 
H0618,Dispel cold  
H0618,Analgesic
H0618,Reduce swelling 
H0618,Wenjing 
H0618,Dispel the wind  
H0618,Dehumidification
H0892,Open depressed 
H0892,Analgesic
H0892,Invigorate blood 
H0892,Remove blood stasis 
H0892,Dispel the wind  
H0892,Qi 
H0173,Insecticide 
H0173,Purge 
H0173,Liver cleansing 
H0640,Fetus 
H0640,Analgesic
H0640,Li Qi 
H0640,Depression 
H0640,Menstruation
Jiao Bai Shao,Nourish blood 
Jiao Bai Shao,Heying 
Jiao Bai Shao,Pinggan 
Jiao Bai Shao,Yin 
Jiao Bai Shao,Analgesic
Jiao Bai Shao,Urgency 
H1146,Analgesic
H1146,Rheumatism 
H1146,Pass through 
H1146,Tongluo 
Yu Zhi Zi,Urinate 
Yu Zhi Zi,And stomach
Yu Zhi Zi,Break up 
Yu Zhi Zi,Analgesic
Yu Zhi Zi,Invigorate blood 
Yu Zhi Zi,Soothing the liver 
Yu Zhi Zi,Soft 
Shi Jian Chuan,Dampness  
Shi Jian Chuan,Huayu 
Shi Jian Chuan,Break up 
Shi Jian Chuan,Invigorate blood 
Shi Jian Chuan,Reduce swelling 
Shi Jian Chuan,Clear heat 
H0072,Disperse the wind 
H0072,Solution table 
H0072,Rash 
H0175,Help Yang 
H0175,Strong bones 
H0175,Reduce swelling 
H0175,Warm the kidney 
H0175,Blood run 
H0495,Pain relief 
H0495,Invigorate blood 
H0495,Dispel the wind  
H0495,Dehumidification
H0638,Open depressed 
H0638,Break up 
H0638,Resolve phlegm 
H0638,Cough  
H0638,Asthma 
H0638,Clear heat 
Tao Ye,Insecticide 
Tao Ye,Clear heat 
Tao Ye,Rheumatism 
H0473,Filling 
H0473,Moisturize 
H0473,Yijing 
H0473,Tonic 
H0441,Cool blood  
H0441,Clear heat 
H0441,Nourish yin 
H0441,Tonic 
Jiu Xiang Chong,Impotence  
Jiu Xiang Chong,Analgesic
Jiu Xiang Chong,Warm the kidney 
Jiu Xiang Chong,Qi 
She Mei,Cool blood  
She Mei,Reduce swelling 
She Mei,Clear heat 
She Mei,Detoxify 
Yu Bai Fu,Break up 
Yu Bai Fu,Antispasmodic 
Yu Bai Fu,Analgesic
Yu Bai Fu,Expelling wind and phlegm 
Yu Bai Fu,Detoxify 
Nu Zhen Zi,Eyesight 
Nu Zhen Zi,Clear deficiency and heat 
Nu Zhen Zi,Nourish the liver 
Nu Zhen Zi,Tonifying the kidney 
ZHU MA GEN,Cool blood  
ZHU MA GEN,Diuretic
ZHU MA GEN,Fetus 
ZHU MA GEN,Hemostasis 
ZHU MA GEN,Clear heat 
ZHU MA GEN,Detoxify 
Ji Xue Teng,Invigorate blood 
Ji Xue Teng,Tonic 
Ji Xue Teng,Tongluo 
Ou Jie Tan,Sanyu
Ou Jie Tan,Hemostasis 
Mi Huang Qi,Diuretic
Mi Huang Qi,Solid watch 
Mi Huang Qi,Consignment 
Mi Huang Qi,Sore 
Mi Huang Qi,Antiperspirant
Mi Huang Qi,Invigorate
H1104,Wide chest 
H1104,Break up 
H1104,Phlegm 
H1104,Moisturize  
H1104,Clear heat 
H1104,Slippery bowel 
Lei Wan,Insecticide 
Lei Wan,Depletion 
H0461,Strengthen the spleen
H0461,Insecticide 
H0461,Depletion 
Hu Ma Zi,Nourish blood 
Hu Ma Zi,Moisturize  
Hu Ma Zi,Dispel the wind  
Hu Ma Zi,Laxative
H0354,Clear heat 
H0354,Soothing wind 
H0354,Detoxify 
H0354,Tongluo 
H0075,Strengthen the spleen
H0075,And stomach
H0075,Stop dysentery 
H0075,Yiqi 
H0075,Make up
H0075,Get rid of trouble
FU XIAO MAI,Antiperspirant
FU XIAO MAI,In addition to fever 
Bi Xie,Turbidity  
Bi Xie,Dampness  
Bi Xie,Rheumatism 
H0743,Solid essence 
H0743,Photo 
H0743,Warm the kidney  
H0743,Antidiarrheal 
H0743,Warm the spleen 
H0743,Urinary contraction 
H0034,Cough  
H0034,Resolve phlegm 
Gan Jiang Pi,Kaoru  
Gan Jiang Pi,Huiyang 
Gan Jiang Pi,Dispel cold  
Gan Jiang Pi,Wenzhong  
Gan Jiang Pi,Warm the lungs 
Gan Jiang Pi,Tongmai
H0835,Soufeng 
H0835,Insecticide 
H0835,Phlegm 
H0835,Tongqiao 
H1159,Li Qiao 
H1159,Reduce swelling 
H1159,Clear heat 
H1159,Reduce fire 
H0032,Analgesic
H0032,Hemostasis 
H0032,Invigorate blood 
H0032,Qi 
Mao Zhua Cao,Resolve phlegm 
Mao Zhua Cao,Break up 
Mao Zhua Cao,Detoxify 
H0016,Reduce swelling 
H0016,Detoxify 
Han Cai,Dampness  
Han Cai,Invigorate blood 
Han Cai,Social phlegm 
Han Cai,Detoxify 
Han Cai,Solution table 
H1168,Run intestines
H1168,Warm the lungs 
H1168,Tonifying the kidney 
H1168,Laxative
H0570,Sharp joints
H0570,Vomiting 
H0570,Clear heat 
H0570,Detoxify 
H0570,Dehumidification
Tian Jiang Ke,Resolve phlegm 
Tian Jiang Ke,Asthma 
Tian Jiang Ke,Cough  
H0567,Cool blood  
H0567,Insecticide 
H0567,Hemostasis 
H0567,Reduce swelling 
H0567,Clear heat 
H0567,Remove blood stasis 
H0567,Detoxify 
H0567,Laxative
H0430,Impotence  
H0430,Insecticide 
H0430,Antipruritic
H0430,Warm the kidney 
H0430,Dampness 
H0430,Dispel the wind  
H0878,Liyan 
H0878,Insecticide 
H0878,Diarrhea cold accumulation 
H0878,Expectorant  
H0878,Erosion sore 
H0878,Detumescence 
H0878,Chase water 
Chao Cang Er Zi,Dispel cold  
Chao Cang Er Zi,Antipruritic
Chao Cang Er Zi,Soothing wind 
Chao Cang Er Zi,Rheumatism 
Chao Cang Er Zi,Nasal orifice 
Zhi Gu Sun,Diuretic
Zhi Gu Sun,Clear heat 
Zhi Gu Sun,Shengjin 
Zhi Gu Sun,Laxative
Zhi Gu Sun,Dehumidification
Nan Xing,Resolve phlegm 
Nan Xing,Break up 
Nan Xing,Antispasmodic 
Nan Xing,Dispel the wind  
Da Hui Xiang,And stomach
Da Hui Xiang,Dispel cold  
Da Hui Xiang,Analgesic
Da Hui Xiang,Li Qi 
Chao Tao Ren,Moisturize  
Chao Tao Ren,Slippery bowel 
Chao Tao Ren,Broken blood  
Chao Tao Ren,Blood stasis  
Chao Suan Zao Ren,Nourish the liver 
Chao Suan Zao Ren,Ning Xin
Chao Suan Zao Ren,Soothe the nerves 
Chao Suan Zao Ren,Hold sweat 
Chao Dong Gua Zi,Dampness  
Chao Dong Gua Zi,Resolve phlegm 
Chao Dong Gua Zi,Pus
Chao Dong Gua Zi,Eliminate carbuncle 
Chao Dong Gua Zi,Cleans the lungs 
H0601,An round 
H0601,Constrict the lungs 
H0601,Cough  
H0601,Antidiarrheal 
H0601,Hemostasis 
H0601,Astringent intestines 
H0601,Shengjin 
Duan Zi Bei chi,Soothe the nerves 
Duan Zi Bei chi,Pinggan 
Duan Zi Bei chi,Eyesight 
Duan Zi Bei chi,Stun
H0392,Help Yang 
H0392,Solid essence 
H0392,Urinary contraction 
H0392,Tonifying the kidney 
HOU PO,Get angry  
HOU PO,Eliminate phlegm 
HOU PO,Dampness 
HOU PO,Ex-full  
Duan Zhong Ru Shi,Breast milk 
Duan Zhong Ru Shi,Zhuang Yuanyang 
Duan Zhong Ru Shi,Warm lungs 
Duan Mu Li,Solid 
Duan Mu Li,Soothe the nerves 
Duan Mu Li,Pinggan 
Duan Mu Li,convergence 
Duan Mu Li,Break up 
Duan Mu Li,Qianyang 
Duan Mu Li,Soft 
Duan Mu Li,Important town 
H0737,Cough  
H0737,Analgesic
H0737,Nourish the lungs
H0737,Urgency 
H0737,Make up
H0737,Invigorate
H1033,Active 
H1033,Reduce swelling 
H1033,Dispel the wind  
H1033,Detoxify 
H1033,Pass through 
H1033,Dehumidification
Xuan Ming Fen,And stomach
Xuan Ming Fen,Break up 
Xuan Ming Fen,Diarrhea 
Xuan Ming Fen,Depletion 
Xuan Ming Fen,Clear heat 
Xuan Ming Fen,Cleans the lungs 
Xuan Ming Fen,Relieve heat 
Xuan Ming Fen,Detoxify 
Xuan Ming Fen,Soft 
Xuan Ming Fen,Laxative
Chao Bai Zhu,Strengthen the spleen
Chao Bai Zhu,Water utilization
Chao Bai Zhu,Fetus 
Chao Bai Zhu,Antiperspirant
Chao Bai Zhu,Dampness 
Chao Bai Zhu,Yiqi 
Huang Lian Tan,Purging fire 
Huang Lian Tan,Clear heat 
Huang Lian Tan,Dampness 
Huang Lian Tan,Detoxify 
H1024,Resolve phlegm 
H1024,Break up 
H1024,Anti-vomiting 
H1024,Extinguishing 
H1024,Dampness 
H1024,Inverse reduction 
H1115,Purging fire 
H1115,Clear heat 
H1115,Dampness 
H1115,Treatment of sores 
H1115,Detoxify 
H1115,Desteaming 
Yu Liang Shi,convergence 
Yu Liang Shi,Antidiarrheal 
Yu Liang Shi,Hemostasis 
Yu Liang Shi,Astringent intestines 
Nu Zhen Ye,Sanyu
Nu Zhen Ye,Eyesight 
Nu Zhen Ye,Cough  
Nu Zhen Ye,Reduce swelling 
Nu Zhen Ye,Clear heat 
Nu Zhen Ye,Detoxify 
Sheng He Shou Wu,Nourish blood 
Sheng He Shou Wu,Cut malaria 
Sheng He Shou Wu,Run intestines
Sheng He Shou Wu,Nourish yin 
Sheng He Shou Wu,Dispel the wind  
Sheng He Shou Wu,Detoxify 
Sheng He Shou Wu,Laxative
H0093,Strengthen the spleen
H0093,Resolve phlegm 
H0093,Dampness 
H0093,Li Qi 
Xue Yu Tan,Diuretic
Xue Yu Tan,Huayu 
Xue Yu Tan,Hemostasis 
Xue Yu Tan,Muscle growth
H0269,Dehumidification 
H0269,And stomach
H0269,Pinggan 
H0269,Shujin 
H0089,Li Qi 
H0089,Dispel cold  
H0089,Eliminate phlegm 
H0089,Dampness 
H0240,Cough  
H0240,Analgesic
H0240,Purging fire 
H0240,Nourish the lungs
H0240,Yiqi 
H0240,Urgent
H0240,Make up
H0240,Detoxify 
H0240,Reconcile all medicines
Zhu Mai dong ,Nourish the lungs
Zhu Mai dong ,Pure heart 
Zhu Mai dong ,Nourish yin 
Zhu Mai dong ,Shengjin 
Zhu Mai dong ,Benefit stomach 
Zhu Mai dong ,Get rid of trouble
H0094,Nourish the liver 
H0094,Nourish the lungs
H0094,Nourish the kidney 
H0847,Nourish blood 
H0847,Yiqi 
H0847,Yijing 
H0847,Tonifying the kidney 
Zao Xin Tu,Anti-vomiting 
Zao Xin Tu,Antidiarrheal 
Zao Xin Tu,Hemostasis 
Zao Xin Tu,Wenzhong  
H0522,Shengjin 
H0522,Yiqi 
H0522,Nourish the lungs 
H0522,Nourish the spleen  
H0666,Nourish the heart 
H0666,Get rid of trouble
Xi Qing Guo,Liyan 
Xi Qing Guo,Clear heat 
Xi Qing Guo,Shengjin 
Xi Qing Guo,Detoxify 
H0761,Cool blood  
H0761,Gallbladder 
H0761,Analgesic
H0761,Invigorate blood 
H0761,Pure heart 
H0761,Soothing the liver 
H0761,Qi 
H0761,Depression 
H1188,Analgesic
H1188,Invigorate blood 
H1188,Remove blood stasis 
H1188,Pass through 
Ju Luo,Resolve phlegm 
Ju Luo,Li Qi 
Ju Luo,Tongluo 
H0350,Diuretic
H0350,Broken blood  
H0350,Tonglin
H0350,Pass through 
H1170,Get angry  
H1170,Liyan 
H1170,Constrict the lungs 
H1170,Astringent intestines 
H0468,Cool blood  
H0468,Diuretic
H0468,Cough  
H0468,Hemostasis 
H0468,Cleans the lungs 
H0468,Tonglin
H0006,Diuretic
H0006,Cough  
H0006,Detoxify 
H0006,Analgesia 
H1216,Huayu 
H1216,Hemostasis 
H0762,Get angry  
H0762,Water utilization
H0762,Moisturize  
H0762,Slippery bowel 
Yin Chen,Damp heat 
Yin Chen,Anti-jaundice
H0472,Cool blood  
H0472,Attack and accumulation 
H0472,Purging fire 
H0472,Damp heat 
H0472,Remove blood stasis 
H0472,Detoxify 
Jiang Zhi Zi ,Cool blood  
Jiang Zhi Zi ,Dampness  
Jiang Zhi Zi ,Purging fire 
Jiang Zhi Zi ,Clear heat 
Jiang Zhi Zi ,Detoxify 
Jiang Zhi Zi ,Get rid of trouble
H1238,Nourish yin 
H1238,Fill in
H1238,Nourish the lungs
H1238,Nourish the kidney 
H1238,Yiqi 
H1238,Nourish the spleen  
JIU DA HUANG,Cool blood  
JIU DA HUANG,Attack and accumulation 
JIU DA HUANG,Purging fire 
JIU DA HUANG,Damp heat 
JIU DA HUANG,Remove blood stasis 
JIU DA HUANG,Detoxify 
Jian Shen Qu,Strengthen the spleen
Jian Shen Qu,Chemical product 
Jian Shen Qu,And stomach
Jian Shen Qu,Digestion 
Yu Liang Shi,Stop band 
Yu Liang Shi,Hemostasis 
Yu Liang Shi,Astringent intestines 
