herb,ingredient
Bupleuri radix,Bupleuri_radix_ing_15
Bupleuri radix,Bupleuri_radix_ing_29
Bupleuri radix,Bupleuri_radix_ing_70
Bupleuri radix,Bupleuri_radix_ing_12
Bupleuri radix,Bupleuri_radix_ing_92
Bupleuri radix,Bupleuri_radix_ing_90
Bupleuri radix,Bupleuri_radix_ing_49
Bupleuri radix,Bupleuri_radix_ing_34
Bupleuri radix,Bupleuri_radix_ing_16
Bupleuri radix,Bupleuri_radix_ing_74
Bupleuri radix,Bupleuri_radix_ing_38
Bupleuri radix,Bupleuri_radix_ing_49
Bupleuri radix,Bupleuri_radix_ing_27
Bupleuri radix,Bupleuri_radix_ing_22
Bupleuri radix,Bupleuri_radix_ing_88
Poria cocos,Poria_cocos_ing_52
Poria cocos,Poria_cocos_ing_41
Poria cocos,Poria_cocos_ing_59
Poria cocos,Poria_cocos_ing_69
Poria cocos,Poria_cocos_ing_29
Poria cocos,Poria_cocos_ing_15
Poria cocos,Poria_cocos_ing_77
Poria cocos,Poria_cocos_ing_68
Poria cocos,Poria_cocos_ing_15
Poria cocos,Poria_cocos_ing_93
Angelicae sinensis radix,Angelicae_sinensis_radix_ing_39
Angelicae sinensis radix,Angelicae_sinensis_radix_ing_1
Angelicae sinensis radix,Angelicae_sinensis_radix_ing_31
Angelicae sinensis radix,Angelicae_sinensis_radix_ing_85
Angelicae sinensis radix,Angelicae_sinensis_radix_ing_70
Angelicae sinensis radix,Angelicae_sinensis_radix_ing_57
Angelicae sinensis radix,Angelicae_sinensis_radix_ing_29
Angelicae sinensis radix,Angelicae_sinensis_radix_ing_8
Angelicae sinensis radix,Angelicae_sinensis_radix_ing_66
Angelicae sinensis radix,Angelicae_sinensis_radix_ing_93
Angelicae sinensis radix,Angelicae_sinensis_radix_ing_46
Angelicae sinensis radix,Angelicae_sinensis_radix_ing_8
Angelicae sinensis radix,Angelicae_sinensis_radix_ing_58
Angelicae sinensis radix,Angelicae_sinensis_radix_ing_10
Angelicae sinensis radix,Angelicae_sinensis_radix_ing_12
Cyperi rhizoma,Cyperi_rhizoma_ing_8
Cyperi rhizoma,Cyperi_rhizoma_ing_59
Cyperi rhizoma,Cyperi_rhizoma_ing_92
Cyperi rhizoma,Cyperi_rhizoma_ing_96
Cyperi rhizoma,Cyperi_rhizoma_ing_21
Cyperi rhizoma,Cyperi_rhizoma_ing_24
Cyperi rhizoma,Cyperi_rhizoma_ing_31
Cyperi rhizoma,Cyperi_rhizoma_ing_11
Cyperi rhizoma,Cyperi_rhizoma_ing_92
Cyperi rhizoma,Cyperi_rhizoma_ing_41
Cyperi rhizoma,Cyperi_rhizoma_ing_13
Glycyrrhizae radix,Glycyrrhizae_radix_ing_45
Glycyrrhizae radix,Glycyrrhizae_radix_ing_21
Glycyrrhizae radix,Glycyrrhizae_radix_ing_71
Glycyrrhizae radix,Glycyrrhizae_radix_ing_15
Glycyrrhizae radix,Glycyrrhizae_radix_ing_37
Glycyrrhizae radix,Glycyrrhizae_radix_ing_7
Glycyrrhizae radix,Glycyrrhizae_radix_ing_6
Paeoniae radix alba,Paeoniae_radix_alba_ing_34
Paeoniae radix alba,Paeoniae_radix_alba_ing_72
Paeoniae radix alba,Paeoniae_radix_alba_ing_89
Paeoniae radix alba,Paeoniae_radix_alba_ing_71
Paeoniae radix alba,Paeoniae_radix_alba_ing_6
Paeoniae radix alba,Paeoniae_radix_alba_ing_53
Paeoniae radix alba,Paeoniae_radix_alba_ing_53
Paeoniae radix alba,Paeoniae_radix_alba_ing_43
Paeoniae radix alba,Paeoniae_radix_alba_ing_90
Paeoniae radix alba,Paeoniae_radix_alba_ing_61
Paeoniae radix alba,Paeoniae_radix_alba_ing_30
Paeoniae radix alba,Paeoniae_radix_alba_ing_9
Paeoniae radix alba,Paeoniae_radix_alba_ing_43
Paeoniae radix alba,Paeoniae_radix_alba_ing_34
Paeoniae radix alba,Paeoniae_radix_alba_ing_77
Scutellariae radix,Scutellariae_radix_ing_25
Scutellariae radix,Scutellariae_radix_ing_69
Scutellariae radix,Scutellariae_radix_ing_43
Scutellariae radix,Scutellariae_radix_ing_52
Scutellariae radix,Scutellariae_radix_ing_87
Scutellariae radix,Scutellariae_radix_ing_1
Scutellariae radix,Scutellariae_radix_ing_42
Scutellariae radix,Scutellariae_radix_ing_95
Scutellariae radix,Scutellariae_radix_ing_82
Scutellariae radix,Scutellariae_radix_ing_4
Scutellariae radix,Scutellariae_radix_ing_99
Scutellariae radix,Scutellariae_radix_ing_74
Scutellariae radix,Scutellariae_radix_ing_19
Scutellariae radix,Scutellariae_radix_ing_99
Coptidis rhizoma,Coptidis_rhizoma_ing_60
Coptidis rhizoma,Coptidis_rhizoma_ing_16
Coptidis rhizoma,Coptidis_rhizoma_ing_57
Coptidis rhizoma,Coptidis_rhizoma_ing_61
Coptidis rhizoma,Coptidis_rhizoma_ing_81
Coptidis rhizoma,Coptidis_rhizoma_ing_35
Coptidis rhizoma,Coptidis_rhizoma_ing_89
Coptidis rhizoma,Coptidis_rhizoma_ing_43
Coptidis rhizoma,Coptidis_rhizoma_ing_90
Coptidis rhizoma,Coptidis_rhizoma_ing_74
Coptidis rhizoma,Coptidis_rhizoma_ing_54
Coptidis rhizoma,Coptidis_rhizoma_ing_63
Coptidis rhizoma,Coptidis_rhizoma_ing_87
Polygalae radix,Polygalae_radix_ing_76
Polygalae radix,Polygalae_radix_ing_42
Polygalae radix,Polygalae_radix_ing_36
Polygalae radix,Polygalae_radix_ing_45
Polygalae radix,Polygalae_radix_ing_97
Polygalae radix,Polygalae_radix_ing_3
Polygalae radix,Polygalae_radix_ing_99
Polygalae radix,Polygalae_radix_ing_21
Polygalae radix,Polygalae_radix_ing_49
Polygalae radix,Polygalae_radix_ing_14
Polygalae radix,Polygalae_radix_ing_6
Ziziphi spinosae semen,Ziziphi_spinosae_semen_ing_54
Ziziphi spinosae semen,Ziziphi_spinosae_semen_ing_56
Ziziphi spinosae semen,Ziziphi_spinosae_semen_ing_79
Ziziphi spinosae semen,Ziziphi_spinosae_semen_ing_12
Ziziphi spinosae semen,Ziziphi_spinosae_semen_ing_86
Gastrodiae rhizoma,Gastrodiae_rhizoma_ing_44
Gastrodiae rhizoma,Gastrodiae_rhizoma_ing_67
Gastrodiae rhizoma,Gastrodiae_rhizoma_ing_98
Gastrodiae rhizoma,Gastrodiae_rhizoma_ing_3
Gastrodiae rhizoma,Gastrodiae_rhizoma_ing_32
Gastrodiae rhizoma,Gastrodiae_rhizoma_ing_55
Gastrodiae rhizoma,Gastrodiae_rhizoma_ing_41
Gastrodiae rhizoma,Gastrodiae_rhizoma_ing_89
Gastrodiae rhizoma,Gastrodiae_rhizoma_ing_93
Rhodiolae roseae radix,Rhodiolae_roseae_radix_ing_91
Rhodiolae roseae radix,Rhodiolae_roseae_radix_ing_97
Rhodiolae roseae radix,Rhodiolae_roseae_radix_ing_7
Rhodiolae roseae radix,Rhodiolae_roseae_radix_ing_63
Rhodiolae roseae radix,Rhodiolae_roseae_radix_ing_20
Hyperici perforati herba,Hyperici_perforati_herba_ing_16
Hyperici perforati herba,Hyperici_perforati_herba_ing_57
Hyperici perforati herba,Hyperici_perforati_herba_ing_79
Hyperici perforati herba,Hyperici_perforati_herba_ing_28
Hyperici perforati herba,Hyperici_perforati_herba_ing_21
Hyperici perforati herba,Hyperici_perforati_herba_ing_77
Hyperici perforati herba,Hyperici_perforati_herba_ing_88
Hyperici perforati herba,Hyperici_perforati_herba_ing_85
Albiziae flos,Albiziae_flos_ing_19
Albiziae flos,Albiziae_flos_ing_77
Albiziae flos,Albiziae_flos_ing_70
Albiziae flos,Albiziae_flos_ing_4
Albiziae flos,Albiziae_flos_ing_74
Albiziae flos,Albiziae_flos_ing_67
Albiziae flos,Albiziae_flos_ing_61
Albiziae flos,Albiziae_flos_ing_53
Albiziae flos,Albiziae_flos_ing_41
Atractylodis rhizoma,Atractylodis_rhizoma_ing_85
Atractylodis rhizoma,Atractylodis_rhizoma_ing_98
Atractylodis rhizoma,Atractylodis_rhizoma_ing_17
Atractylodis rhizoma,Atractylodis_rhizoma_ing_81
Atractylodis rhizoma,Atractylodis_rhizoma_ing_15
Salviae miltiorrhizae radix,Salviae_miltiorrhizae_radix_ing_54
Salviae miltiorrhizae radix,Salviae_miltiorrhizae_radix_ing_96
Salviae miltiorrhizae radix,Salviae_miltiorrhizae_radix_ing_54
Salviae miltiorrhizae radix,Salviae_miltiorrhizae_radix_ing_39
Salviae miltiorrhizae radix,Salviae_miltiorrhizae_radix_ing_70
Salviae miltiorrhizae radix,Salviae_miltiorrhizae_radix_ing_30
Salviae miltiorrhizae radix,Salviae_miltiorrhizae_radix_ing_85
Salviae miltiorrhizae radix,Salviae_miltiorrhizae_radix_ing_76
Salviae miltiorrhizae radix,Salviae_miltiorrhizae_radix_ing_59
Ginseng radix,Ginseng_radix_ing_20
Ginseng radix,Ginseng_radix_ing_44
Ginseng radix,Ginseng_radix_ing_41
Ginseng radix,Ginseng_radix_ing_30
Ginseng radix,Ginseng_radix_ing_91
Ginseng radix,Ginseng_radix_ing_4
Ginseng radix,Ginseng_radix_ing_38
Ginseng radix,Ginseng_radix_ing_24
Ginseng radix,Ginseng_radix_ing_80
Ginseng radix,Ginseng_radix_ing_82
Ginseng radix,Ginseng_radix_ing_37
Ginseng radix,Ginseng_radix_ing_33
Ginseng radix,Ginseng_radix_ing_46
Ginseng radix,Ginseng_radix_ing_100
Ginseng radix,Ginseng_radix_ing_64
Epimedii herba,Epimedii_herba_ing_25
Epimedii herba,Epimedii_herba_ing_81
Epimedii herba,Epimedii_herba_ing_5
Epimedii herba,Epimedii_herba_ing_70
Epimedii herba,Epimedii_herba_ing_62
Epimedii herba,Epimedii_herba_ing_10
Epimedii herba,Epimedii_herba_ing_93
Epimedii herba,Epimedii_herba_ing_34
Epimedii herba,Epimedii_herba_ing_48
Epimedii herba,Epimedii_herba_ing_80
Epimedii herba,Epimedii_herba_ing_39
Epimedii herba,Epimedii_herba_ing_31
Epimedii herba,Epimedii_herba_ing_76
Epimedii herba,Epimedii_herba_ing_63
Epimedii herba,Epimedii_herba_ing_47
Morindae officinalis radix,Morindae_officinalis_radix_ing_46
Morindae officinalis radix,Morindae_officinalis_radix_ing_16
Morindae officinalis radix,Morindae_officinalis_radix_ing_43
Morindae officinalis radix,Morindae_officinalis_radix_ing_98
Morindae officinalis radix,Morindae_officinalis_radix_ing_77
Morindae officinalis radix,Morindae_officinalis_radix_ing_17
Morindae officinalis radix,Morindae_officinalis_radix_ing_31
Morindae officinalis radix,Morindae_officinalis_radix_ing_61
Morindae officinalis radix,Morindae_officinalis_radix_ing_6
Morindae officinalis radix,Morindae_officinalis_radix_ing_14
Morindae officinalis radix,Morindae_officinalis_radix_ing_17
Morindae officinalis radix,Morindae_officinalis_radix_ing_77
Morindae officinalis radix,Morindae_officinalis_radix_ing_84
Morindae officinalis radix,Morindae_officinalis_radix_ing_52
Morindae officinalis radix,Morindae_officinalis_radix_ing_20
Cuscutae semen,Cuscutae_semen_ing_72
Cuscutae semen,Cuscutae_semen_ing_72
Cuscutae semen,Cuscutae_semen_ing_55
Cuscutae semen,Cuscutae_semen_ing_40
Cuscutae semen,Cuscutae_semen_ing_14
Cuscutae semen,Cuscutae_semen_ing_55
Cuscutae semen,Cuscutae_semen_ing_85
Lilii bulbus,Lilii_bulbus_ing_45
Lilii bulbus,Lilii_bulbus_ing_73
Lilii bulbus,Lilii_bulbus_ing_28
Lilii bulbus,Lilii_bulbus_ing_73
Lilii bulbus,Lilii_bulbus_ing_85
Lilii bulbus,Lilii_bulbus_ing_45
Lilii bulbus,Lilii_bulbus_ing_6
Lilii bulbus,Lilii_bulbus_ing_28
Lilii bulbus,Lilii_bulbus_ing_1
Lilii bulbus,Lilii_bulbus_ing_86
Crataegi fructus,Crataegi_fructus_ing_41
Crataegi fructus,Crataegi_fructus_ing_22
Crataegi fructus,Crataegi_fructus_ing_52
Crataegi fructus,Crataegi_fructus_ing_66
Crataegi fructus,Crataegi_fructus_ing_100
Crataegi fructus,Crataegi_fructus_ing_14
Astragali radix,Astragali_radix_ing_10
Astragali radix,Astragali_radix_ing_97
Astragali radix,Astragali_radix_ing_81
Astragali radix,Astragali_radix_ing_36
Astragali radix,Astragali_radix_ing_10
Astragali radix,Astragali_radix_ing_60
Astragali radix,Astragali_radix_ing_42
Astragali radix,Astragali_radix_ing_11
Astragali radix,Astragali_radix_ing_47
Astragali radix,Astragali_radix_ing_7
Astragali radix,Astragali_radix_ing_93
Astragali radix,Astragali_radix_ing_90
Astragali radix,Astragali_radix_ing_43
Astragali radix,Astragali_radix_ing_88
Astragali radix,Astragali_radix_ing_28
Codonopsis radix,Codonopsis_radix_ing_13
Codonopsis radix,Codonopsis_radix_ing_80
Codonopsis radix,Codonopsis_radix_ing_89
Codonopsis radix,Codonopsis_radix_ing_57
Codonopsis radix,Codonopsis_radix_ing_61
Codonopsis radix,Codonopsis_radix_ing_99
Codonopsis radix,Codonopsis_radix_ing_26
Codonopsis radix,Codonopsis_radix_ing_67
Codonopsis radix,Codonopsis_radix_ing_35
Rehmanniae radix,Rehmanniae_radix_ing_45
Rehmanniae radix,Rehmanniae_radix_ing_65
Rehmanniae radix,Rehmanniae_radix_ing_13
Rehmanniae radix,Rehmanniae_radix_ing_90
Rehmanniae radix,Rehmanniae_radix_ing_1
Rehmanniae radix,Rehmanniae_radix_ing_20
Rehmanniae radix,Rehmanniae_radix_ing_7
Rehmanniae radix,Rehmanniae_radix_ing_15
Rehmanniae radix,Rehmanniae_radix_ing_55
Rehmanniae radix,Rehmanniae_radix_ing_74
Rehmanniae radix,Rehmanniae_radix_ing_68
Rehmanniae radix,Rehmanniae_radix_ing_48
Corni fructus,Corni_fructus_ing_81
Corni fructus,Corni_fructus_ing_43
Corni fructus,Corni_fructus_ing_83
Corni fructus,Corni_fructus_ing_62
Corni fructus,Corni_fructus_ing_59
Corni fructus,Corni_fructus_ing_26
Corni fructus,Corni_fructus_ing_66
Corni fructus,Corni_fructus_ing_46
Corni fructus,Corni_fructus_ing_35
Corni fructus,Corni_fructus_ing_52
Corni fructus,Corni_fructus_ing_67
Corni fructus,Corni_fructus_ing_24
Corni fructus,Corni_fructus_ing_55
Corni fructus,Corni_fructus_ing_94
Corni fructus,Corni_fructus_ing_86
Dioscoreae rhizoma,Dioscoreae_rhizoma_ing_87
Dioscoreae rhizoma,Dioscoreae_rhizoma_ing_73
Dioscoreae rhizoma,Dioscoreae_rhizoma_ing_58
Dioscoreae rhizoma,Dioscoreae_rhizoma_ing_51
Dioscoreae rhizoma,Dioscoreae_rhizoma_ing_64
Dioscoreae rhizoma,Dioscoreae_rhizoma_ing_37
Dioscoreae rhizoma,Dioscoreae_rhizoma_ing_12
Dioscoreae rhizoma,Dioscoreae_rhizoma_ing_39
Dioscoreae rhizoma,Dioscoreae_rhizoma_ing_23
Dioscoreae rhizoma,Dioscoreae_rhizoma_ing_64
Dioscoreae rhizoma,Dioscoreae_rhizoma_ing_48
Dioscoreae rhizoma,Dioscoreae_rhizoma_ing_93
Dioscoreae rhizoma,Dioscoreae_rhizoma_ing_83
Dioscoreae rhizoma,Dioscoreae_rhizoma_ing_45
Alismatis rhizoma,Alismatis_rhizoma_ing_24
Alismatis rhizoma,Alismatis_rhizoma_ing_16
Alismatis rhizoma,Alismatis_rhizoma_ing_67
Alismatis rhizoma,Alismatis_rhizoma_ing_36
Alismatis rhizoma,Alismatis_rhizoma_ing_65
Alismatis rhizoma,Alismatis_rhizoma_ing_85
Alismatis rhizoma,Alismatis_rhizoma_ing_6
Alismatis rhizoma,Alismatis_rhizoma_ing_70
Alismatis rhizoma,Alismatis_rhizoma_ing_88
Alismatis rhizoma,Alismatis_rhizoma_ing_60
Alismatis rhizoma,Alismatis_rhizoma_ing_41
Alismatis rhizoma,Alismatis_rhizoma_ing_41
Alismatis rhizoma,Alismatis_rhizoma_ing_13
Alismatis rhizoma,Alismatis_rhizoma_ing_79
Phellodendri chinensis cortex,Phellodendri_chinensis_cortex_ing_25
Phellodendri chinensis cortex,Phellodendri_chinensis_cortex_ing_40
Phellodendri chinensis cortex,Phellodendri_chinensis_cortex_ing_46
Phellodendri chinensis cortex,Phellodendri_chinensis_cortex_ing_77
Phellodendri chinensis cortex,Phellodendri_chinensis_cortex_ing_47
Phellodendri chinensis cortex,Phellodendri_chinensis_cortex_ing_37
Phellodendri chinensis cortex,Phellodendri_chinensis_cortex_ing_71
Phellodendri chinensis cortex,Phellodendri_chinensis_cortex_ing_13
Phellodendri chinensis cortex,Phellodendri_chinensis_cortex_ing_78
Phellodendri chinensis cortex,Phellodendri_chinensis_cortex_ing_59
Anemarrhenae rhizoma,Anemarrhenae_rhizoma_ing_41
Anemarrhenae rhizoma,Anemarrhenae_rhizoma_ing_76
Anemarrhenae rhizoma,Anemarrhenae_rhizoma_ing_61
Anemarrhenae rhizoma,Anemarrhenae_rhizoma_ing_15
Anemarrhenae rhizoma,Anemarrhenae_rhizoma_ing_77
Anemarrhenae rhizoma,Anemarrhenae_rhizoma_ing_7
Anemarrhenae rhizoma,Anemarrhenae_rhizoma_ing_32
Anemarrhenae rhizoma,Anemarrhenae_rhizoma_ing_15
Anemarrhenae rhizoma,Anemarrhenae_rhizoma_ing_89
Anemarrhenae rhizoma,Anemarrhenae_rhizoma_ing_95
Anemarrhenae rhizoma,Anemarrhenae_rhizoma_ing_27
Anemarrhenae rhizoma,Anemarrhenae_rhizoma_ing_44
Anemarrhenae rhizoma,Anemarrhenae_rhizoma_ing_62
Anemarrhenae rhizoma,Anemarrhenae_rhizoma_ing_39
Gardeniae fructus,Gardeniae_fructus_ing_72
Gardeniae fructus,Gardeniae_fructus_ing_51
Gardeniae fructus,Gardeniae_fructus_ing_92
Gardeniae fructus,Gardeniae_fructus_ing_33
Gardeniae fructus,Gardeniae_fructus_ing_14
Gardeniae fructus,Gardeniae_fructus_ing_13
Gardeniae fructus,Gardeniae_fructus_ing_71
Gardeniae fructus,Gardeniae_fructus_ing_61
Gardeniae fructus,Gardeniae_fructus_ing_99
Gardeniae fructus,Gardeniae_fructus_ing_95
Carthami flos,Carthami_flos_ing_23
Carthami flos,Carthami_flos_ing_64
Carthami flos,Carthami_flos_ing_38
Carthami flos,Carthami_flos_ing_78
Carthami flos,Carthami_flos_ing_83
Carthami flos,Carthami_flos_ing_15
Carthami flos,Carthami_flos_ing_95
Carthami flos,Carthami_flos_ing_82
Carthami flos,Carthami_flos_ing_18
Carthami flos,Carthami_flos_ing_43
Carthami flos,Carthami_flos_ing_89
Leonuri herba,Leonuri_herba_ing_88
Leonuri herba,Leonuri_herba_ing_38
Leonuri herba,Leonuri_herba_ing_96
Leonuri herba,Leonuri_herba_ing_98
Leonuri herba,Leonuri_herba_ing_68
Leonuri herba,Leonuri_herba_ing_65
Leonuri herba,Leonuri_herba_ing_67
Leonuri herba,Leonuri_herba_ing_8
Leonuri herba,Leonuri_herba_ing_40
Leonuri herba,Leonuri_herba_ing_1
Leonuri herba,Leonuri_herba_ing_9
Schisandrae chinensis fructus,Schisandrae_chinensis_fructus_ing_99
Schisandrae chinensis fructus,Schisandrae_chinensis_fructus_ing_11
Schisandrae chinensis fructus,Schisandrae_chinensis_fructus_ing_29
Schisandrae chinensis fructus,Schisandrae_chinensis_fructus_ing_60
Schisandrae chinensis fructus,Schisandrae_chinensis_fructus_ing_93
Schisandrae chinensis fructus,Schisandrae_chinensis_fructus_ing_79
Schisandrae chinensis fructus,Schisandrae_chinensis_fructus_ing_13
Chuanxiong rhizoma,Chuanxiong_rhizoma_ing_70
Chuanxiong rhizoma,Chuanxiong_rhizoma_ing_38
Chuanxiong rhizoma,Chuanxiong_rhizoma_ing_77
Chuanxiong rhizoma,Chuanxiong_rhizoma_ing_39
Chuanxiong rhizoma,Chuanxiong_rhizoma_ing_23
Chuanxiong rhizoma,Chuanxiong_rhizoma_ing_68
Chuanxiong rhizoma,Chuanxiong_rhizoma_ing_69
Chuanxiong rhizoma,Chuanxiong_rhizoma_ing_8
Curcumae longae rhizoma,Curcumae_longae_rhizoma_ing_11
Curcumae longae rhizoma,Curcumae_longae_rhizoma_ing_87
Curcumae longae rhizoma,Curcumae_longae_rhizoma_ing_62
Curcumae longae rhizoma,Curcumae_longae_rhizoma_ing_2
Curcumae longae rhizoma,Curcumae_longae_rhizoma_ing_97
Curcumae longae rhizoma,Curcumae_longae_rhizoma_ing_42
Curcumae longae rhizoma,Curcumae_longae_rhizoma_ing_47
Curcumae longae rhizoma,Curcumae_longae_rhizoma_ing_27
Curcumae longae rhizoma,Curcumae_longae_rhizoma_ing_3
Curcumae longae rhizoma,Curcumae_longae_rhizoma_ing_20
Curcumae longae rhizoma,Curcumae_longae_rhizoma_ing_64
Curcumae longae rhizoma,Curcumae_longae_rhizoma_ing_95
Curcumae longae rhizoma,Curcumae_longae_rhizoma_ing_24
Curcumae longae rhizoma,Curcumae_longae_rhizoma_ing_7
Curcumae longae rhizoma,Curcumae_longae_rhizoma_ing_81
Zingiberis rhizoma recens,Zingiberis_rhizoma_recens_ing_48
Zingiberis rhizoma recens,Zingiberis_rhizoma_recens_ing_79
Zingiberis rhizoma recens,Zingiberis_rhizoma_recens_ing_93
Zingiberis rhizoma recens,Zingiberis_rhizoma_recens_ing_56
Zingiberis rhizoma recens,Zingiberis_rhizoma_recens_ing_31
Zingiberis rhizoma recens,Zingiberis_rhizoma_recens_ing_51
Zingiberis rhizoma recens,Zingiberis_rhizoma_recens_ing_73
Zingiberis rhizoma recens,Zingiberis_rhizoma_recens_ing_11
Zingiberis rhizoma recens,Zingiberis_rhizoma_recens_ing_49
Zingiberis rhizoma recens,Zingiberis_rhizoma_recens_ing_43
Zingiberis rhizoma recens,Zingiberis_rhizoma_recens_ing_73
Zingiberis rhizoma recens,Zingiberis_rhizoma_recens_ing_85
Prunellae spica,Prunellae_spica_ing_3
Prunellae spica,Prunellae_spica_ing_51
Prunellae spica,Prunellae_spica_ing_73
Prunellae spica,Prunellae_spica_ing_89
Prunellae spica,Prunellae_spica_ing_7
Prunellae spica,Prunellae_spica_ing_44
Prunellae spica,Prunellae_spica_ing_58
Prunellae spica,Prunellae_spica_ing_49
Prunellae spica,Prunellae_spica_ing_32
Prunellae spica,Prunellae_spica_ing_92
Chrysanthemi flos,Chrysanthemi_flos_ing_1
Chrysanthemi flos,Chrysanthemi_flos_ing_24
Chrysanthemi flos,Chrysanthemi_flos_ing_71
Chrysanthemi flos,Chrysanthemi_flos_ing_50
Chrysanthemi flos,Chrysanthemi_flos_ing_100
Chrysanthemi flos,Chrysanthemi_flos_ing_32
Lonicerae japonicae flos,Lonicerae_japonicae_flos_ing_56
Lonicerae japonicae flos,Lonicerae_japonicae_flos_ing_32
Lonicerae japonicae flos,Lonicerae_japonicae_flos_ing_43
Lonicerae japonicae flos,Lonicerae_japonicae_flos_ing_77
Lonicerae japonicae flos,Lonicerae_japonicae_flos_ing_26
Lonicerae japonicae flos,Lonicerae_japonicae_flos_ing_63
Lonicerae japonicae flos,Lonicerae_japonicae_flos_ing_26
Forsythiae fructus,Forsythiae_fructus_ing_38
Forsythiae fructus,Forsythiae_fructus_ing_53
Forsythiae fructus,Forsythiae_fructus_ing_49
Forsythiae fructus,Forsythiae_fructus_ing_52
Forsythiae fructus,Forsythiae_fructus_ing_90
Forsythiae fructus,Forsythiae_fructus_ing_83
Forsythiae fructus,Forsythiae_fructus_ing_14
Forsythiae fructus,Forsythiae_fructus_ing_66
Forsythiae fructus,Forsythiae_fructus_ing_76
Forsythiae fructus,Forsythiae_fructus_ing_94
Forsythiae fructus,Forsythiae_fructus_ing_27
Forsythiae fructus,Forsythiae_fructus_ing_6
Sophorae flavescentis radix,Sophorae_flavescentis_radix_ing_87
Sophorae flavescentis radix,Sophorae_flavescentis_radix_ing_71
Sophorae flavescentis radix,Sophorae_flavescentis_radix_ing_30
Sophorae flavescentis radix,Sophorae_flavescentis_radix_ing_79
Sophorae flavescentis radix,Sophorae_flavescentis_radix_ing_28
Sophorae flavescentis radix,Sophorae_flavescentis_radix_ing_74
Trichosanthis radix,Trichosanthis_radix_ing_42
Trichosanthis radix,Trichosanthis_radix_ing_68
Trichosanthis radix,Trichosanthis_radix_ing_59
Trichosanthis radix,Trichosanthis_radix_ing_41
Trichosanthis radix,Trichosanthis_radix_ing_48
Trichosanthis radix,Trichosanthis_radix_ing_74
Trichosanthis radix,Trichosanthis_radix_ing_23
Trichosanthis radix,Trichosanthis_radix_ing_46
Trichosanthis radix,Trichosanthis_radix_ing_50
Trichosanthis radix,Trichosanthis_radix_ing_22
Platycodonis radix,Platycodonis_radix_ing_38
Platycodonis radix,Platycodonis_radix_ing_37
Platycodonis radix,Platycodonis_radix_ing_99
Platycodonis radix,Platycodonis_radix_ing_70
Platycodonis radix,Platycodonis_radix_ing_70
Platycodonis radix,Platycodonis_radix_ing_32
Platycodonis radix,Platycodonis_radix_ing_12
Platycodonis radix,Platycodonis_radix_ing_45
Aconiti lateralis preparata radix,Aconiti_lateralis_preparata_radix_ing_69
Aconiti lateralis preparata radix,Aconiti_lateralis_preparata_radix_ing_74
Aconiti lateralis preparata radix,Aconiti_lateralis_preparata_radix_ing_18
Aconiti lateralis preparata radix,Aconiti_lateralis_preparata_radix_ing_32
Aconiti lateralis preparata radix,Aconiti_lateralis_preparata_radix_ing_87
Aconiti lateralis preparata radix,Aconiti_lateralis_preparata_radix_ing_10
Aconiti lateralis preparata radix,Aconiti_lateralis_preparata_radix_ing_89
Aconiti lateralis preparata radix,Aconiti_lateralis_preparata_radix_ing_94
Aconiti lateralis preparata radix,Aconiti_lateralis_preparata_radix_ing_86
Aconiti lateralis preparata radix,Aconiti_lateralis_preparata_radix_ing_28
Aucklandiae radix,Aucklandiae_radix_ing_44
Aucklandiae radix,Aucklandiae_radix_ing_59
Aucklandiae radix,Aucklandiae_radix_ing_21
Aucklandiae radix,Aucklandiae_radix_ing_39
Aucklandiae radix,Aucklandiae_radix_ing_84
Aucklandiae radix,Aucklandiae_radix_ing_51
Aucklandiae radix,Aucklandiae_radix_ing_91
Aucklandiae radix,Aucklandiae_radix_ing_17
Aucklandiae radix,Aucklandiae_radix_ing_89
Aucklandiae radix,Aucklandiae_radix_ing_94
Aucklandiae radix,Aucklandiae_radix_ing_39
Aucklandiae radix,Aucklandiae_radix_ing_18
Citri reticulatae pericarpium,Citri_reticulatae_pericarpium_ing_22
Citri reticulatae pericarpium,Citri_reticulatae_pericarpium_ing_57
Citri reticulatae pericarpium,Citri_reticulatae_pericarpium_ing_76
Citri reticulatae pericarpium,Citri_reticulatae_pericarpium_ing_11
Citri reticulatae pericarpium,Citri_reticulatae_pericarpium_ing_100
Citri reticulatae pericarpium,Citri_reticulatae_pericarpium_ing_39
Citri reticulatae pericarpium,Citri_reticulatae_pericarpium_ing_38
Citri reticulatae pericarpium,Citri_reticulatae_pericarpium_ing_31
Citri reticulatae pericarpium,Citri_reticulatae_pericarpium_ing_47
Citri reticulatae pericarpium,Citri_reticulatae_pericarpium_ing_88
Citri reticulatae pericarpium,Citri_reticulatae_pericarpium_ing_3
Citri reticulatae pericarpium,Citri_reticulatae_pericarpium_ing_81
Citri reticulatae pericarpium,Citri_reticulatae_pericarpium_ing_36
Citri reticulatae pericarpium,Citri_reticulatae_pericarpium_ing_27
Citri reticulatae pericarpium,Citri_reticulatae_pericarpium_ing_98
Nelumbinis semen,Nelumbinis_semen_ing_8
Nelumbinis semen,Nelumbinis_semen_ing_78
Nelumbinis semen,Nelumbinis_semen_ing_85
Nelumbinis semen,Nelumbinis_semen_ing_2
Nelumbinis semen,Nelumbinis_semen_ing_93
Nelumbinis semen,Nelumbinis_semen_ing_94
Nelumbinis semen,Nelumbinis_semen_ing_55
Nelumbinis semen,Nelumbinis_semen_ing_10
Ecliptae herba,Ecliptae_herba_ing_99
Ecliptae herba,Ecliptae_herba_ing_15
Ecliptae herba,Ecliptae_herba_ing_2
Ecliptae herba,Ecliptae_herba_ing_23
Ecliptae herba,Ecliptae_herba_ing_92
Ecliptae herba,Ecliptae_herba_ing_10
Ecliptae herba,Ecliptae_herba_ing_52
Ecliptae herba,Ecliptae_herba_ing_100
Ecliptae herba,Ecliptae_herba_ing_38
Lycii fructus,Lycii_fructus_ing_94
Lycii fructus,Lycii_fructus_ing_82
Lycii fructus,Lycii_fructus_ing_98
Lycii fructus,Lycii_fructus_ing_63
Lycii fructus,Lycii_fructus_ing_36
Lycii fructus,Lycii_fructus_ing_67
Lycii fructus,Lycii_fructus_ing_65
Lycii fructus,Lycii_fructus_ing_73
Ophiopogonis radix,Ophiopogonis_radix_ing_31
Ophiopogonis radix,Ophiopogonis_radix_ing_95
Ophiopogonis radix,Ophiopogonis_radix_ing_100
Ophiopogonis radix,Ophiopogonis_radix_ing_99
Ophiopogonis radix,Ophiopogonis_radix_ing_12
Ophiopogonis radix,Ophiopogonis_radix_ing_90
Ophiopogonis radix,Ophiopogonis_radix_ing_66
Polygonati rhizoma,Polygonati_rhizoma_ing_4
Polygonati rhizoma,Polygonati_rhizoma_ing_18
Polygonati rhizoma,Polygonati_rhizoma_ing_29
Polygonati rhizoma,Polygonati_rhizoma_ing_81
Polygonati rhizoma,Polygonati_rhizoma_ing_10
Polygonati rhizoma,Polygonati_rhizoma_ing_83
Polygonati rhizoma,Polygonati_rhizoma_ing_60
Ginkgo biloba folium,Ginkgo_biloba_folium_ing_93
Ginkgo biloba folium,Ginkgo_biloba_folium_ing_24
Ginkgo biloba folium,Ginkgo_biloba_folium_ing_79
Ginkgo biloba folium,Ginkgo_biloba_folium_ing_62
Ginkgo biloba folium,Ginkgo_biloba_folium_ing_18
Ginkgo biloba folium,Ginkgo_biloba_folium_ing_3
Ginkgo biloba folium,Ginkgo_biloba_folium_ing_73
Ginkgo biloba folium,Ginkgo_biloba_folium_ing_100
Ginkgo biloba folium,Ginkgo_biloba_folium_ing_30
Ginkgo biloba folium,Ginkgo_biloba_folium_ing_69
Ginkgo biloba folium,Ginkgo_biloba_folium_ing_74
Uncariae ramulus cum uncis,Uncariae_ramulus_cum_uncis_ing_76
Uncariae ramulus cum uncis,Uncariae_ramulus_cum_uncis_ing_73
Uncariae ramulus cum uncis,Uncariae_ramulus_cum_uncis_ing_63
Uncariae ramulus cum uncis,Uncariae_ramulus_cum_uncis_ing_78
Uncariae ramulus cum uncis,Uncariae_ramulus_cum_uncis_ing_79
Uncariae ramulus cum uncis,Uncariae_ramulus_cum_uncis_ing_42
Uncariae ramulus cum uncis,Uncariae_ramulus_cum_uncis_ing_91
Uncariae ramulus cum uncis,Uncariae_ramulus_cum_uncis_ing_47
Uncariae ramulus cum uncis,Uncariae_ramulus_cum_uncis_ing_51
Uncariae ramulus cum uncis,Uncariae_ramulus_cum_uncis_ing_63
Cassiae semen,Cassiae_semen_ing_29
Cassiae semen,Cassiae_semen_ing_90
Cassiae semen,Cassiae_semen_ing_79
Cassiae semen,Cassiae_semen_ing_43
Cassiae semen,Cassiae_semen_ing_82
Cassiae semen,Cassiae_semen_ing_94
Cassiae semen,Cassiae_semen_ing_33
Cassiae semen,Cassiae_semen_ing_57
Cassiae semen,Cassiae_semen_ing_49
Cassiae semen,Cassiae_semen_ing_74
Mori folium,Mori_folium_ing_3
Mori folium,Mori_folium_ing_21
Mori folium,Mori_folium_ing_44
Mori folium,Mori_folium_ing_21
Mori folium,Mori_folium_ing_25
Mori folium,Mori_folium_ing_39
Mori folium,Mori_folium_ing_63
Mori folium,Mori_folium_ing_38
Mori folium,Mori_folium_ing_40
Artemisiae annuae herba,Artemisiae_annuae_herba_ing_48
Artemisiae annuae herba,Artemisiae_annuae_herba_ing_35
Artemisiae annuae herba,Artemisiae_annuae_herba_ing_97
Artemisiae annuae herba,Artemisiae_annuae_herba_ing_61
Artemisiae annuae herba,Artemisiae_annuae_herba_ing_67
Artemisiae annuae herba,Artemisiae_annuae_herba_ing_25
Artemisiae annuae herba,Artemisiae_annuae_herba_ing_26
Cinnamomi cortex,Cinnamomi_cortex_ing_12
Cinnamomi cortex,Cinnamomi_cortex_ing_2
Cinnamomi cortex,Cinnamomi_cortex_ing_13
Cinnamomi cortex,Cinnamomi_cortex_ing_37
Cinnamomi cortex,Cinnamomi_cortex_ing_5
Cinnamomi cortex,Cinnamomi_cortex_ing_88
Puerariae lobatae radix,Puerariae_lobatae_radix_ing_35
Puerariae lobatae radix,Puerariae_lobatae_radix_ing_63
Puerariae lobatae radix,Puerariae_lobatae_radix_ing_39
Puerariae lobatae radix,Puerariae_lobatae_radix_ing_57
Puerariae lobatae radix,Puerariae_lobatae_radix_ing_67
Puerariae lobatae radix,Puerariae_lobatae_radix_ing_65
Puerariae lobatae radix,Puerariae_lobatae_radix_ing_26
Puerariae lobatae radix,Puerariae_lobatae_radix_ing_7
Puerariae lobatae radix,Puerariae_lobatae_radix_ing_82
Puerariae lobatae radix,Puerariae_lobatae_radix_ing_63
Puerariae lobatae radix,Puerariae_lobatae_radix_ing_34
Puerariae lobatae radix,Puerariae_lobatae_radix_ing_21
Ephedrae herba,Ephedrae_herba_ing_3
Ephedrae herba,Ephedrae_herba_ing_83
Ephedrae herba,Ephedrae_herba_ing_78
Ephedrae herba,Ephedrae_herba_ing_49
Ephedrae herba,Ephedrae_herba_ing_80
Ephedrae herba,Ephedrae_herba_ing_72
Ephedrae herba,Ephedrae_herba_ing_36
Ephedrae herba,Ephedrae_herba_ing_20
Ephedrae herba,Ephedrae_herba_ing_41
Ephedrae herba,Ephedrae_herba_ing_34
Ephedrae herba,Ephedrae_herba_ing_44
Ephedrae herba,Ephedrae_herba_ing_86
Ephedrae herba,Ephedrae_herba_ing_24
Asari radix,Asari_radix_ing_98
Asari radix,Asari_radix_ing_12
Asari radix,Asari_radix_ing_43
Asari radix,Asari_radix_ing_82
Asari radix,Asari_radix_ing_68
Asari radix,Asari_radix_ing_44
Asari radix,Asari_radix_ing_100
Asari radix,Asari_radix_ing_41
Asari radix,Asari_radix_ing_27
Asari radix,Asari_radix_ing_98
Asari radix,Asari_radix_ing_55
Asari radix,Asari_radix_ing_48
Asari radix,Asari_radix_ing_68
Fritillariae thunbergii bulbus,Fritillariae_thunbergii_bulbus_ing_89
Fritillariae thunbergii bulbus,Fritillariae_thunbergii_bulbus_ing_9
Fritillariae thunbergii bulbus,Fritillariae_thunbergii_bulbus_ing_59
Fritillariae thunbergii bulbus,Fritillariae_thunbergii_bulbus_ing_97
Fritillariae thunbergii bulbus,Fritillariae_thunbergii_bulbus_ing_3
Fritillariae thunbergii bulbus,Fritillariae_thunbergii_bulbus_ing_76
Fritillariae thunbergii bulbus,Fritillariae_thunbergii_bulbus_ing_99
Fritillariae thunbergii bulbus,Fritillariae_thunbergii_bulbus_ing_15
Pinelliae rhizoma,Pinelliae_rhizoma_ing_81
Pinelliae rhizoma,Pinelliae_rhizoma_ing_13
Pinelliae rhizoma,Pinelliae_rhizoma_ing_80
Pinelliae rhizoma,Pinelliae_rhizoma_ing_64
Pinelliae rhizoma,Pinelliae_rhizoma_ing_26
Pinelliae rhizoma,Pinelliae_rhizoma_ing_27
Pinelliae rhizoma,Pinelliae_rhizoma_ing_86
Pinelliae rhizoma,Pinelliae_rhizoma_ing_33
Pinelliae rhizoma,Pinelliae_rhizoma_ing_23
Pinelliae rhizoma,Pinelliae_rhizoma_ing_87
Pinelliae rhizoma,Pinelliae_rhizoma_ing_2
Pinelliae rhizoma,Pinelliae_rhizoma_ing_57
Pinelliae rhizoma,Pinelliae_rhizoma_ing_59
Pinelliae rhizoma,Pinelliae_rhizoma_ing_84
Pinelliae rhizoma,Pinelliae_rhizoma_ing_21
Arisaematis rhizoma,Arisaematis_rhizoma_ing_87
Arisaematis rhizoma,Arisaematis_rhizoma_ing_94
Arisaematis rhizoma,Arisaematis_rhizoma_ing_53
Arisaematis rhizoma,Arisaematis_rhizoma_ing_99
Arisaematis rhizoma,Arisaematis_rhizoma_ing_13
Arisaematis rhizoma,Arisaematis_rhizoma_ing_20
Arisaematis rhizoma,Arisaematis_rhizoma_ing_64
Arisaematis rhizoma,Arisaematis_rhizoma_ing_43
Arisaematis rhizoma,Arisaematis_rhizoma_ing_31
Arisaematis rhizoma,Arisaematis_rhizoma_ing_58
Arisaematis rhizoma,Arisaematis_rhizoma_ing_16
Arisaematis rhizoma,Arisaematis_rhizoma_ing_12
Arisaematis rhizoma,Arisaematis_rhizoma_ing_44
Arisaematis rhizoma,Arisaematis_rhizoma_ing_99
Typhae pollen,Typhae_pollen_ing_44
Typhae pollen,Typhae_pollen_ing_90
Typhae pollen,Typhae_pollen_ing_18
Typhae pollen,Typhae_pollen_ing_28
Typhae pollen,Typhae_pollen_ing_82
Sparganii rhizoma,Sparganii_rhizoma_ing_68
Sparganii rhizoma,Sparganii_rhizoma_ing_75
Sparganii rhizoma,Sparganii_rhizoma_ing_17
Sparganii rhizoma,Sparganii_rhizoma_ing_42
Sparganii rhizoma,Sparganii_rhizoma_ing_44
Curcumae zedoariae rhizoma,Curcumae_zedoariae_rhizoma_ing_39
Curcumae zedoariae rhizoma,Curcumae_zedoariae_rhizoma_ing_92
Curcumae zedoariae rhizoma,Curcumae_zedoariae_rhizoma_ing_23
Curcumae zedoariae rhizoma,Curcumae_zedoariae_rhizoma_ing_74
Curcumae zedoariae rhizoma,Curcumae_zedoariae_rhizoma_ing_2
Curcumae zedoariae rhizoma,Curcumae_zedoariae_rhizoma_ing_21
Curcumae zedoariae rhizoma,Curcumae_zedoariae_rhizoma_ing_38
Curcumae zedoariae rhizoma,Curcumae_zedoariae_rhizoma_ing_14
Curcumae zedoariae rhizoma,Curcumae_zedoariae_rhizoma_ing_90
Curcumae zedoariae rhizoma,Curcumae_zedoariae_rhizoma_ing_88
Curcumae zedoariae rhizoma,Curcumae_zedoariae_rhizoma_ing_100
Curcumae zedoariae rhizoma,Curcumae_zedoariae_rhizoma_ing_70
Curcumae zedoariae rhizoma,Curcumae_zedoariae_rhizoma_ing_23
Polygoni hydropiperis herba,Polygoni_hydropiperis_herba_ing_1
Polygoni hydropiperis herba,Polygoni_hydropiperis_herba_ing_77
Polygoni hydropiperis herba,Polygoni_hydropiperis_herba_ing_79
Polygoni hydropiperis herba,Polygoni_hydropiperis_herba_ing_91
Polygoni hydropiperis herba,Polygoni_hydropiperis_herba_ing_21
Polygoni hydropiperis herba,Polygoni_hydropiperis_herba_ing_43
Polygoni hydropiperis herba,Polygoni_hydropiperis_herba_ing_72
Polygoni hydropiperis herba,Polygoni_hydropiperis_herba_ing_58
Polygoni hydropiperis herba,Polygoni_hydropiperis_herba_ing_6
Saussureae radix,Saussureae_radix_ing_4
Saussureae radix,Saussureae_radix_ing_84
Saussureae radix,Saussureae_radix_ing_99
Saussureae radix,Saussureae_radix_ing_55
Saussureae radix,Saussureae_radix_ing_95
Saussureae radix,Saussureae_radix_ing_92
Saussureae radix,Saussureae_radix_ing_10
Saussureae radix,Saussureae_radix_ing_50
Saussureae radix,Saussureae_radix_ing_80
Amomi fructus,Amomi_fructus_ing_46
Amomi fructus,Amomi_fructus_ing_49
Amomi fructus,Amomi_fructus_ing_51
Amomi fructus,Amomi_fructus_ing_94
Amomi fructus,Amomi_fructus_ing_6
Amomi fructus,Amomi_fructus_ing_69
Evodiae fructus,Evodiae_fructus_ing_66
Evodiae fructus,Evodiae_fructus_ing_33
Evodiae fructus,Evodiae_fructus_ing_7
Evodiae fructus,Evodiae_fructus_ing_75
Evodiae fructus,Evodiae_fructus_ing_9
Evodiae fructus,Evodiae_fructus_ing_40
Evodiae fructus,Evodiae_fructus_ing_29
Evodiae fructus,Evodiae_fructus_ing_60
Evodiae fructus,Evodiae_fructus_ing_36
Evodiae fructus,Evodiae_fructus_ing_81
Evodiae fructus,Evodiae_fructus_ing_65
Evodiae fructus,Evodiae_fructus_ing_52
Evodiae fructus,Evodiae_fructus_ing_47
Evodiae fructus,Evodiae_fructus_ing_65
Evodiae fructus,Evodiae_fructus_ing_88
Alpiniae oxyphyllae fructus,Alpiniae_oxyphyllae_fructus_ing_73
Alpiniae oxyphyllae fructus,Alpiniae_oxyphyllae_fructus_ing_63
Alpiniae oxyphyllae fructus,Alpiniae_oxyphyllae_fructus_ing_27
Alpiniae oxyphyllae fructus,Alpiniae_oxyphyllae_fructus_ing_42
Alpiniae oxyphyllae fructus,Alpiniae_oxyphyllae_fructus_ing_36
Alpiniae oxyphyllae fructus,Alpiniae_oxyphyllae_fructus_ing_47
Alpiniae oxyphyllae fructus,Alpiniae_oxyphyllae_fructus_ing_46
Myristicae semen,Myristicae_semen_ing_57
Myristicae semen,Myristicae_semen_ing_28
Myristicae semen,Myristicae_semen_ing_16
Myristicae semen,Myristicae_semen_ing_87
Myristicae semen,Myristicae_semen_ing_17
Myristicae semen,Myristicae_semen_ing_24
Myristicae semen,Myristicae_semen_ing_37
Piperis longi fructus,Piperis_longi_fructus_ing_22
Piperis longi fructus,Piperis_longi_fructus_ing_99
Piperis longi fructus,Piperis_longi_fructus_ing_93
Piperis longi fructus,Piperis_longi_fructus_ing_17
Piperis longi fructus,Piperis_longi_fructus_ing_65
Piperis longi fructus,Piperis_longi_fructus_ing_5
Piperis longi fructus,Piperis_longi_fructus_ing_1
Piperis longi fructus,Piperis_longi_fructus_ing_62
Piperis longi fructus,Piperis_longi_fructus_ing_13
Piperis longi fructus,Piperis_longi_fructus_ing_77
Piperis longi fructus,Piperis_longi_fructus_ing_67
Piperis longi fructus,Piperis_longi_fructus_ing_89
Caryophylli flos,Caryophylli_flos_ing_69
Caryophylli flos,Caryophylli_flos_ing_71
Caryophylli flos,Caryophylli_flos_ing_91
Caryophylli flos,Caryophylli_flos_ing_90
Caryophylli flos,Caryophylli_flos_ing_44
Caryophylli flos,Caryophylli_flos_ing_12
Caryophylli flos,Caryophylli_flos_ing_9
Caryophylli flos,Caryophylli_flos_ing_52
Caryophylli flos,Caryophylli_flos_ing_64
Paeoniae radix rubra,Paeoniae_radix_rubra_ing_66
Paeoniae radix rubra,Paeoniae_radix_rubra_ing_21
Paeoniae radix rubra,Paeoniae_radix_rubra_ing_86
Paeoniae radix rubra,Paeoniae_radix_rubra_ing_12
Paeoniae radix rubra,Paeoniae_radix_rubra_ing_29
Paeoniae radix rubra,Paeoniae_radix_rubra_ing_72
Paeoniae radix rubra,Paeoniae_radix_rubra_ing_15
Paeoniae radix rubra,Paeoniae_radix_rubra_ing_49
Paeoniae radix rubra,Paeoniae_radix_rubra_ing_4
Paeoniae radix rubra,Paeoniae_radix_rubra_ing_41
Paeoniae radix rubra,Paeoniae_radix_rubra_ing_37
Paeoniae radix rubra,Paeoniae_radix_rubra_ing_44
Paeoniae radix rubra,Paeoniae_radix_rubra_ing_41
Paeoniae radix rubra,Paeoniae_radix_rubra_ing_25
Rehmanniae radix praeparata,Rehmanniae_radix_praeparata_ing_80
Rehmanniae radix praeparata,Rehmanniae_radix_praeparata_ing_85
Rehmanniae radix praeparata,Rehmanniae_radix_praeparata_ing_80
Rehmanniae radix praeparata,Rehmanniae_radix_praeparata_ing_24
Rehmanniae radix praeparata,Rehmanniae_radix_praeparata_ing_70
Rehmanniae radix praeparata,Rehmanniae_radix_praeparata_ing_88
Rehmanniae radix praeparata,Rehmanniae_radix_praeparata_ing_59
Rehmanniae radix praeparata,Rehmanniae_radix_praeparata_ing_42
Moutan cortex,Moutan_cortex_ing_79
Moutan cortex,Moutan_cortex_ing_48
Moutan cortex,Moutan_cortex_ing_88
Moutan cortex,Moutan_cortex_ing_72
Moutan cortex,Moutan_cortex_ing_2
Moutan cortex,Moutan_cortex_ing_81
Moutan cortex,Moutan_cortex_ing_51
Moutan cortex,Moutan_cortex_ing_33
Moutan cortex,Moutan_cortex_ing_72
Moutan cortex,Moutan_cortex_ing_78
Moutan cortex,Moutan_cortex_ing_100
Moutan cortex,Moutan_cortex_ing_58
Phellodendri cortex,Phellodendri_cortex_ing_19
Phellodendri cortex,Phellodendri_cortex_ing_81
Phellodendri cortex,Phellodendri_cortex_ing_38
Phellodendri cortex,Phellodendri_cortex_ing_47
Phellodendri cortex,Phellodendri_cortex_ing_33
Phellodendri cortex,Phellodendri_cortex_ing_13
Phellodendri cortex,Phellodendri_cortex_ing_7
Phellodendri cortex,Phellodendri_cortex_ing_98
Phellodendri cortex,Phellodendri_cortex_ing_11
Phellodendri cortex,Phellodendri_cortex_ing_68
Phellodendri cortex,Phellodendri_cortex_ing_42
Phellodendri cortex,Phellodendri_cortex_ing_90
Phellodendri cortex,Phellodendri_cortex_ing_82
Phellodendri cortex,Phellodendri_cortex_ing_53
Phellodendri cortex,Phellodendri_cortex_ing_18
Acori tatarinowii rhizoma,Acori_tatarinowii_rhizoma_ing_39
Acori tatarinowii rhizoma,Acori_tatarinowii_rhizoma_ing_38
Acori tatarinowii rhizoma,Acori_tatarinowii_rhizoma_ing_21
Acori tatarinowii rhizoma,Acori_tatarinowii_rhizoma_ing_98
Acori tatarinowii rhizoma,Acori_tatarinowii_rhizoma_ing_9
Acori tatarinowii rhizoma,Acori_tatarinowii_rhizoma_ing_80
Acori tatarinowii rhizoma,Acori_tatarinowii_rhizoma_ing_69
Acori tatarinowii rhizoma,Acori_tatarinowii_rhizoma_ing_37
Acori tatarinowii rhizoma,Acori_tatarinowii_rhizoma_ing_20
Acori tatarinowii rhizoma,Acori_tatarinowii_rhizoma_ing_54
Acori tatarinowii rhizoma,Acori_tatarinowii_rhizoma_ing_5
Acori tatarinowii rhizoma,Acori_tatarinowii_rhizoma_ing_51
Curcumae radix,Curcumae_radix_ing_49
Curcumae radix,Curcumae_radix_ing_92
Curcumae radix,Curcumae_radix_ing_5
Curcumae radix,Curcumae_radix_ing_27
Curcumae radix,Curcumae_radix_ing_96
Curcumae radix,Curcumae_radix_ing_86
Curcumae radix,Curcumae_radix_ing_2
Curcumae radix,Curcumae_radix_ing_32
Curcumae radix,Curcumae_radix_ing_89
