PMID,SourceQueries
38331979,core_tcm_intervention
35168522,clinical_subtypes; core_tcm_intervention
37143014,core_tcm_intervention
37248211,core_tcm_intervention
32050990,core_tcm_intervention
34446530,core_tcm_intervention
40466510,core_tcm_intervention
26880252,core_tcm_intervention
36948325,core_tcm_intervention
36988362,core_tcm_intervention
39648209,core_tcm_intervention
37502820,core_tcm_intervention
39726932,core_tcm_intervention
39426604,core_tcm_intervention; pathway_mechanism
42088582,core_tcm_intervention
31344252,core_tcm_intervention
27693978,core_tcm_intervention
38262525,clinical_subtypes; core_tcm_intervention
28807166,core_tcm_intervention; tcm_syndrome
38669363,core_tcm_intervention
34551699,core_tcm_intervention
32457610,core_tcm_intervention; network_pharmacology
39620153,core_tcm_intervention
28925891,core_tcm_intervention
40934745,core_tcm_intervention; pathway_mechanism
36949321,core_tcm_intervention
25306866,core_tcm_intervention
38983910,core_tcm_intervention
36969689,core_tcm_intervention
40677296,core_tcm_intervention
31686629,core_tcm_intervention
41163407,core_tcm_intervention
37159675,core_tcm_intervention
33116523,core_tcm_intervention
9646895,core_tcm_intervention
40823261,core_tcm_intervention; network_pharmacology
34729102,core_tcm_intervention
35496318,core_tcm_intervention
39253375,core_tcm_intervention
41100813,core_tcm_intervention
40018358,core_tcm_intervention
37631092,core_tcm_intervention
36873772,core_tcm_intervention
36682244,core_tcm_intervention; network_pharmacology
31370200,core_tcm_intervention
37808349,core_tcm_intervention
25183301,core_tcm_intervention
24697344,core_tcm_intervention; tcm_syndrome
37354040,core_tcm_intervention
27040419,core_tcm_intervention
40515694,core_tcm_intervention
36905913,core_tcm_intervention
35152089,core_tcm_intervention
40374592,core_tcm_intervention
34225013,core_tcm_intervention
39528081,core_tcm_intervention
33466877,core_tcm_intervention; network_pharmacology
37930334,core_tcm_intervention
36054612,core_tcm_intervention; pathway_mechanism
30396632,clinical_subtypes; core_tcm_intervention
40033393,core_tcm_intervention
41791600,core_tcm_intervention
38835657,core_tcm_intervention; network_pharmacology
41437027,core_tcm_intervention
39261426,core_tcm_intervention
38808079,core_tcm_intervention
31780032,core_tcm_intervention
32147048,core_tcm_intervention
39701700,core_tcm_intervention
37255171,core_tcm_intervention
40785662,core_tcm_intervention; tcm_syndrome
34636498,core_tcm_intervention
19507266,core_tcm_intervention
36791924,core_tcm_intervention
36921619,core_tcm_intervention
21673208,core_tcm_intervention
36529248,core_tcm_intervention
20573326,core_tcm_intervention
37897838,core_tcm_intervention
34049476,core_tcm_intervention
38306565,core_tcm_intervention
24761171,core_tcm_intervention
24456818,core_tcm_intervention
32797283,core_tcm_intervention
39157399,core_tcm_intervention
34623754,core_tcm_intervention
35232229,core_tcm_intervention
20423209,core_tcm_intervention
34840949,core_tcm_intervention
28851961,core_tcm_intervention
24852795,core_tcm_intervention
39140625,core_tcm_intervention
33324063,core_tcm_intervention
30963358,core_tcm_intervention
38694562,core_tcm_intervention
34891612,core_tcm_intervention
37802855,core_tcm_intervention
38152691,core_tcm_intervention
41015814,core_tcm_intervention
36698870,core_tcm_intervention
36774722,formula_specific; herb_specific
40154896,formula_specific; herb_specific; network_pharmacology
40382939,formula_specific; herb_specific; network_pharmacology
38151181,formula_specific; herb_specific
40945251,formula_specific; network_pharmacology
37597362,formula_specific; tcm_syndrome
39197805,formula_specific
39969354,formula_specific; herb_specific
41061289,clinical_subtypes; formula_specific; network_pharmacology
39515106,formula_specific
37632305,formula_specific; network_pharmacology
34968660,formula_specific
39687683,formula_specific; herb_specific
38375048,formula_specific; network_pharmacology
38628641,formula_specific; herb_specific
41273446,formula_specific
40541752,formula_specific; network_pharmacology
41225027,formula_specific
37808199,formula_specific; herb_specific
37035186,formula_specific
40998134,formula_specific
29808808,formula_specific
37562092,formula_specific
41724290,formula_specific; herb_specific
21933701,formula_specific
33629558,formula_specific
38941409,formula_specific; herb_specific
18343064,formula_specific
36844911,formula_specific; herb_specific
41485625,formula_specific
30841419,formula_specific
40127829,formula_specific; herb_specific
30687098,formula_specific
39957155,formula_specific
36536902,formula_specific
33825416,formula_specific; herb_specific
40179998,formula_specific
36039087,formula_specific
41802506,formula_specific
39981187,formula_specific
35111057,formula_specific; herb_specific
24015243,formula_specific; herb_specific
36545317,formula_specific; herb_specific
20673169,formula_specific
37924576,formula_specific
36279723,formula_specific
37751044,formula_specific
35190952,formula_specific
34496266,formula_specific
38633609,formula_specific; herb_specific
35924041,formula_specific
24914308,formula_specific
24486208,formula_specific
40969945,formula_specific; herb_specific
31781287,formula_specific
37664720,formula_specific
40912487,formula_specific; network_pharmacology
35906133,formula_specific
34391441,formula_specific
29728023,formula_specific
36339629,formula_specific
29864926,formula_specific
38451006,formula_specific
37440274,formula_specific
39474580,formula_specific
37263314,formula_specific
38551057,formula_specific; network_pharmacology
29863014,formula_specific
21791239,formula_specific; herb_specific
39295891,formula_specific
25210314,formula_specific
32923002,formula_specific
42266144,formula_specific
31022598,formula_specific
15642599,formula_specific
34385814,formula_specific
40686183,formula_specific
22019334,formula_specific
36099982,formula_specific
41126957,formula_specific
41894346,formula_specific; network_pharmacology
40028110,formula_specific
39603396,formula_specific
39512328,formula_specific
26889228,formula_specific
34467737,formula_specific
25422553,formula_specific
21368416,formula_specific
24137289,formula_specific
32185198,formula_specific
29843044,formula_specific
33167098,formula_specific
41038327,formula_specific
25427198,formula_specific
32348951,formula_specific
41727502,formula_specific
23947143,formula_specific
29217494,formula_specific
27413389,formula_specific
41047379,formula_specific
27671811,herb_specific
30000896,herb_specific
37295570,herb_specific
40713743,herb_specific
28685911,herb_specific
37277081,herb_specific
37829299,herb_specific
38675471,herb_specific
40449450,herb_specific
22414105,herb_specific
41547067,herb_specific
36408279,herb_specific
35462897,herb_specific
40427467,herb_specific; target_mechanism
40708436,herb_specific
37844745,herb_specific; network_pharmacology
32178272,herb_specific
41780614,herb_specific
35881212,herb_specific
37611463,herb_specific
40682677,herb_specific; target_mechanism
38074876,herb_specific
38631487,herb_specific
40289452,herb_specific
31911246,herb_specific
39637473,herb_specific
35623504,herb_specific
41794258,herb_specific
39094756,herb_specific
31328996,herb_specific
40816588,herb_specific
38141791,herb_specific
38972528,clinical_subtypes; herb_specific
22196583,herb_specific
36046834,herb_specific
35088681,herb_specific
40453654,herb_specific
36278199,herb_specific; tcm_syndrome
37764277,herb_specific
34334273,herb_specific
38572433,herb_specific
40716620,herb_specific
35847012,herb_specific
41763617,herb_specific
40348996,herb_specific
38217462,herb_specific
35589704,herb_specific
39701046,herb_specific
36574791,herb_specific
34900345,herb_specific
40077679,herb_specific
39971013,herb_specific; network_pharmacology
41139445,herb_specific
34049474,herb_specific
37778518,herb_specific
38079061,herb_specific
35924058,herb_specific
35143936,herb_specific
41033421,herb_specific
40657643,herb_specific
32810624,herb_specific
38657467,herb_specific
22450800,herb_specific
24974002,herb_specific
41115486,herb_specific
33069838,herb_specific
37315645,herb_specific
38115283,herb_specific
37745719,herb_specific; network_pharmacology
25719303,herb_specific
37258428,herb_specific
41218379,clinical_subtypes; herb_specific
38479544,herb_specific
41237868,herb_specific
35098831,herb_specific
37925093,herb_specific
41213440,herb_specific
40907728,herb_specific
40290440,herb_specific
36676679,herb_specific
36873540,herb_specific
35854107,target_mechanism
38048912,target_mechanism
36302033,target_mechanism
27112704,target_mechanism
38070249,target_mechanism
38113631,target_mechanism
38687826,target_mechanism
37948105,target_mechanism
20641586,target_mechanism
20641366,target_mechanism
20641500,target_mechanism
14566196,target_mechanism
40099372,target_mechanism
31335079,target_mechanism
20641336,target_mechanism
34445721,target_mechanism
20641685,target_mechanism
39892847,target_mechanism
39574138,target_mechanism
34299040,target_mechanism
39057075,target_mechanism
41075496,target_mechanism
40789439,target_mechanism
38003611,target_mechanism
40342516,target_mechanism
27692695,target_mechanism
30661441,target_mechanism
36353622,target_mechanism
40934003,target_mechanism
39181226,target_mechanism
12143401,target_mechanism
40789515,target_mechanism
41000397,target_mechanism
37631295,target_mechanism
17882234,target_mechanism
25823514,target_mechanism
33092669,target_mechanism
38851983,target_mechanism
37782408,target_mechanism
39109146,target_mechanism
41516311,target_mechanism
30618863,target_mechanism
40451488,target_mechanism
16789923,target_mechanism
38126116,target_mechanism
30807752,target_mechanism
38244808,target_mechanism
40403895,network_pharmacology; target_mechanism
40906192,target_mechanism
35333951,target_mechanism
40580056,target_mechanism
37422634,target_mechanism
25739526,target_mechanism
36555276,target_mechanism
31711155,target_mechanism
34238051,target_mechanism
37834999,target_mechanism
30809118,target_mechanism
23602950,target_mechanism
35352640,target_mechanism
40653476,target_mechanism
30737641,target_mechanism
35183538,target_mechanism
39767650,target_mechanism
28406285,target_mechanism
39110517,target_mechanism
36731751,target_mechanism
30457395,target_mechanism
38850305,target_mechanism
28764913,target_mechanism
32754030,target_mechanism
27018372,target_mechanism
34248009,target_mechanism
9755354,target_mechanism
25444754,target_mechanism
15131491,target_mechanism
23514378,target_mechanism
40506009,target_mechanism
34979889,target_mechanism
31833826,target_mechanism
37944872,target_mechanism
37099811,target_mechanism
41793582,target_mechanism
39426465,target_mechanism
41650520,target_mechanism
18983874,target_mechanism
37767889,target_mechanism
38504103,target_mechanism
30155245,target_mechanism
25075188,target_mechanism
40687824,target_mechanism
37612866,target_mechanism
41914255,target_mechanism
36273507,target_mechanism
24972302,target_mechanism
41242308,target_mechanism
38201206,target_mechanism
30552318,target_mechanism
32150310,pathway_mechanism
35668399,pathway_mechanism
33804088,pathway_mechanism
26037806,pathway_mechanism
38992850,pathway_mechanism
37258450,pathway_mechanism
38198925,pathway_mechanism
31825083,pathway_mechanism
37252156,pathway_mechanism
27392632,pathway_mechanism
35955633,pathway_mechanism
31765741,pathway_mechanism
39928205,pathway_mechanism
40305200,pathway_mechanism
33535879,pathway_mechanism
39321881,pathway_mechanism
40211702,pathway_mechanism
37852343,pathway_mechanism
40243556,pathway_mechanism
37801903,pathway_mechanism
35565888,pathway_mechanism
37321346,pathway_mechanism
35143877,pathway_mechanism
35456041,pathway_mechanism
40004109,pathway_mechanism
38474387,pathway_mechanism
39981404,pathway_mechanism
40554291,pathway_mechanism
39310640,pathway_mechanism
38613087,pathway_mechanism
39357281,pathway_mechanism
29988087,pathway_mechanism
40326980,pathway_mechanism
40848509,pathway_mechanism
41106100,pathway_mechanism
40362260,pathway_mechanism
34099111,pathway_mechanism
36335763,pathway_mechanism
37331994,pathway_mechanism
40130013,pathway_mechanism
40250814,pathway_mechanism
39408591,pathway_mechanism
39792918,pathway_mechanism
38457106,pathway_mechanism
38403256,pathway_mechanism
31587531,pathway_mechanism
40769644,pathway_mechanism
36528127,pathway_mechanism
31784958,pathway_mechanism
30714555,pathway_mechanism
41373743,pathway_mechanism
35322375,pathway_mechanism
28723608,pathway_mechanism
36159806,pathway_mechanism
39650796,pathway_mechanism
40881230,pathway_mechanism
31785168,pathway_mechanism
35193033,pathway_mechanism
33203568,pathway_mechanism
29307018,pathway_mechanism
31228000,pathway_mechanism
38628262,pathway_mechanism
32506238,pathway_mechanism
5478953,pathway_mechanism
33269106,pathway_mechanism
36567285,pathway_mechanism
34100334,pathway_mechanism
35008730,pathway_mechanism
30042700,pathway_mechanism
35219870,pathway_mechanism
37189442,pathway_mechanism
41080562,pathway_mechanism
27553784,pathway_mechanism
33519203,pathway_mechanism
28901278,pathway_mechanism
36172468,pathway_mechanism
39984011,pathway_mechanism
34029552,pathway_mechanism
41786065,pathway_mechanism
36949310,pathway_mechanism
38281208,pathway_mechanism
21254923,pathway_mechanism
27221623,pathway_mechanism
38338981,pathway_mechanism
40389582,pathway_mechanism
39071627,pathway_mechanism
29656032,pathway_mechanism
39158758,pathway_mechanism
41226780,pathway_mechanism
40582635,pathway_mechanism
36408608,pathway_mechanism
37108052,pathway_mechanism
39222740,pathway_mechanism
29705843,pathway_mechanism
41072835,pathway_mechanism
35794794,pathway_mechanism
41005571,pathway_mechanism
36203007,tcm_syndrome
32002932,tcm_syndrome
29083766,tcm_syndrome
39013542,network_pharmacology; tcm_syndrome
31784957,tcm_syndrome
35308733,tcm_syndrome
38892934,tcm_syndrome
28778237,tcm_syndrome
30472971,tcm_syndrome
25815564,tcm_syndrome
11551271,tcm_syndrome
40139021,tcm_syndrome
37234360,tcm_syndrome
37820574,tcm_syndrome
30724127,tcm_syndrome
31136774,tcm_syndrome
21448104,tcm_syndrome
39220450,tcm_syndrome
34531719,tcm_syndrome
32353209,tcm_syndrome
32436408,tcm_syndrome
19683096,tcm_syndrome
23384232,tcm_syndrome
33593109,tcm_syndrome
41559779,tcm_syndrome
38045133,tcm_syndrome
38248265,tcm_syndrome
35163538,tcm_syndrome
26621339,tcm_syndrome
21392935,tcm_syndrome
41905247,tcm_syndrome
34690597,tcm_syndrome
40426646,tcm_syndrome
27279162,tcm_syndrome
41055949,tcm_syndrome
41034549,tcm_syndrome
27608541,tcm_syndrome
37965066,tcm_syndrome
33150726,tcm_syndrome
14613050,tcm_syndrome
24974667,tcm_syndrome
30032467,tcm_syndrome
34503595,tcm_syndrome
19192425,tcm_syndrome
28179814,tcm_syndrome
38984189,tcm_syndrome
35760189,tcm_syndrome
33896623,tcm_syndrome
35550451,tcm_syndrome
38418097,tcm_syndrome
33497756,tcm_syndrome
39839149,tcm_syndrome
32061788,tcm_syndrome
35921511,tcm_syndrome
37245549,tcm_syndrome
18448771,tcm_syndrome
36368425,tcm_syndrome
37076454,tcm_syndrome
40769438,tcm_syndrome
38639954,tcm_syndrome
32587537,tcm_syndrome
40835184,tcm_syndrome
2020797,tcm_syndrome
38886733,tcm_syndrome
9742509,tcm_syndrome
28066005,tcm_syndrome
29909810,tcm_syndrome
36780803,tcm_syndrome
28889804,tcm_syndrome
35779670,tcm_syndrome
33905989,tcm_syndrome
36604883,tcm_syndrome
34416848,tcm_syndrome
15953804,tcm_syndrome
24863419,tcm_syndrome
42036583,tcm_syndrome
39825342,tcm_syndrome
33120798,tcm_syndrome
40134975,tcm_syndrome
38764100,tcm_syndrome
31456039,tcm_syndrome
26862938,tcm_syndrome
11754134,tcm_syndrome
31336451,tcm_syndrome
19694629,tcm_syndrome
25821499,tcm_syndrome
33881600,tcm_syndrome
26688752,tcm_syndrome
40860837,tcm_syndrome
19465876,tcm_syndrome
37253320,tcm_syndrome
35875101,tcm_syndrome
16449415,tcm_syndrome
1897374,tcm_syndrome
25913538,tcm_syndrome
17764214,clinical_subtypes
37849304,clinical_subtypes
39963955,clinical_subtypes
30000906,clinical_subtypes
39064728,clinical_subtypes
34323236,clinical_subtypes
39367470,clinical_subtypes
27019255,clinical_subtypes
40945253,clinical_subtypes; network_pharmacology
32367245,clinical_subtypes
20088620,clinical_subtypes
40727849,clinical_subtypes
31259837,clinical_subtypes
29907576,clinical_subtypes
41376232,clinical_subtypes
36867647,clinical_subtypes
31846068,clinical_subtypes
39247617,clinical_subtypes; network_pharmacology
38791766,clinical_subtypes
37015141,clinical_subtypes
20795848,clinical_subtypes
35960108,clinical_subtypes
27774110,clinical_subtypes
35287695,clinical_subtypes
41074408,clinical_subtypes
31016194,clinical_subtypes
41494014,clinical_subtypes
33029191,clinical_subtypes
35910879,clinical_subtypes
37068818,clinical_subtypes
20385346,clinical_subtypes
30194695,clinical_subtypes
37710313,clinical_subtypes
41121158,clinical_subtypes
37266323,clinical_subtypes
22978082,clinical_subtypes
37032920,clinical_subtypes
35185655,clinical_subtypes
34362325,clinical_subtypes
40753796,clinical_subtypes
40901022,clinical_subtypes
33489623,clinical_subtypes
39258921,clinical_subtypes
37501979,clinical_subtypes
35926637,clinical_subtypes
41427009,clinical_subtypes
36442519,clinical_subtypes
40314057,clinical_subtypes
40862597,clinical_subtypes
29454341,clinical_subtypes
40469980,clinical_subtypes
40778325,clinical_subtypes
39323936,clinical_subtypes
40288455,clinical_subtypes
40944266,clinical_subtypes
32295106,clinical_subtypes
38763963,clinical_subtypes
15010661,clinical_subtypes
29540339,clinical_subtypes
38449668,clinical_subtypes
38915473,clinical_subtypes
40195969,clinical_subtypes
33407226,clinical_subtypes
27405771,clinical_subtypes
16627773,clinical_subtypes
23816449,clinical_subtypes
40384998,clinical_subtypes
23700366,clinical_subtypes
38166663,clinical_subtypes
39319351,clinical_subtypes
32765632,clinical_subtypes
36451452,clinical_subtypes
21063891,clinical_subtypes
21053788,clinical_subtypes
34369698,clinical_subtypes
38726147,clinical_subtypes
28035869,clinical_subtypes
36951085,clinical_subtypes
24394682,clinical_subtypes
31369988,clinical_subtypes
35089211,clinical_subtypes
38244787,clinical_subtypes
32299376,clinical_subtypes
36324116,clinical_subtypes
25906701,clinical_subtypes
41409594,clinical_subtypes
38026979,clinical_subtypes
38101872,clinical_subtypes
32555188,clinical_subtypes
36316904,clinical_subtypes; network_pharmacology
35244051,clinical_subtypes
34490139,clinical_subtypes
37766542,clinical_subtypes
12534310,clinical_subtypes
36126781,network_pharmacology
39241390,network_pharmacology
38296172,network_pharmacology
34627986,network_pharmacology
38490155,network_pharmacology
39385284,network_pharmacology
39740378,network_pharmacology
37924689,network_pharmacology
38815404,network_pharmacology
40547671,network_pharmacology
39467428,network_pharmacology
38086513,network_pharmacology
40550295,network_pharmacology
40425078,network_pharmacology
39770479,network_pharmacology
39904199,network_pharmacology
36045534,network_pharmacology
40481474,network_pharmacology
34976096,network_pharmacology
40419156,network_pharmacology
40803031,network_pharmacology
39465719,network_pharmacology
35800440,network_pharmacology
39486672,network_pharmacology
38704913,network_pharmacology
41307677,network_pharmacology
41318453,network_pharmacology
35717786,network_pharmacology
41045619,network_pharmacology
36440424,network_pharmacology
36431060,network_pharmacology
40617360,network_pharmacology
34447243,network_pharmacology
41164411,network_pharmacology
40621015,network_pharmacology
40933052,network_pharmacology
37657207,network_pharmacology
40221743,network_pharmacology
35003290,network_pharmacology
39041272,network_pharmacology
30449200,network_pharmacology
35230627,network_pharmacology
40231536,network_pharmacology
38582152,network_pharmacology
41101552,network_pharmacology
38759035,network_pharmacology
36560929,network_pharmacology
38297317,network_pharmacology
41448368,network_pharmacology
34880597,network_pharmacology
41189264,network_pharmacology
39263345,network_pharmacology
36070047,network_pharmacology
41015074,network_pharmacology
40915371,network_pharmacology
38007768,network_pharmacology
38174416,network_pharmacology
39638796,network_pharmacology
37847347,network_pharmacology
41377151,network_pharmacology
39684318,network_pharmacology
23736100,network_pharmacology
38004472,network_pharmacology
40157401,network_pharmacology
34471414,network_pharmacology
40816580,network_pharmacology
38218856,network_pharmacology
41391369,network_pharmacology
40064322,network_pharmacology
39756311,network_pharmacology
41763619,network_pharmacology
40231535,network_pharmacology
40910010,network_pharmacology
40740639,network_pharmacology
39884598,network_pharmacology
32256358,network_pharmacology
35600859,network_pharmacology
